Id,LotFrontage,LotArea,OverallQual,OverallCond,YearBuilt,YearRemodAdd,MasVnrArea,BsmtFinSF1,BsmtFinSF2,BsmtUnfSF,TotalBsmtSF,1stFlrSF,2ndFlrSF,GrLivArea,BsmtFullBath,BsmtHalfBath,FullBath,HalfBath,BedroomAbvGr,KitchenAbvGr,TotRmsAbvGrd,Fireplaces,GarageYrBlt,GarageCars,GarageArea,WoodDeckSF,OpenPorchSF,EnclosedPorch,ScreenPorch,MoSold,YrSold,SalePrice,MSSubClass_20,MSSubClass_50,MSSubClass_60,MSSubClass_120,MSZoning_RL,MSZoning_RM,LotShape_IR1,LotShape_Reg,LandContour_Lvl,Utilities_AllPub,LotConfig_Corner,LotConfig_CulDSac,LotConfig_Inside,LandSlope_Gtl,Neighborhood_CollgCr,Neighborhood_Edwards,Neighborhood_Gilbert,Neighborhood_NAmes,Neighborhood_NWAmes,Neighborhood_NridgHt,Neighborhood_OldTown,Neighborhood_Sawyer,Neighborhood_Somerst,Condition1_Feedr,Condition1_Norm,Condition2_Norm,BldgType_1Fam,BldgType_TwnhsE,HouseStyle_1.5Fin,HouseStyle_1Story,HouseStyle_2Story,RoofStyle_Gable,RoofStyle_Hip,RoofMatl_CompShg,Exterior1st_HdBoard,Exterior1st_MetalSd,Exterior1st_Plywood,Exterior1st_VinylSd,Exterior1st_Wd Sdng,Exterior2nd_HdBoard,Exterior2nd_MetalSd,Exterior2nd_Plywood,Exterior2nd_VinylSd,Exterior2nd_Wd Sdng,MasVnrType_BrkFace,MasVnrType_None,MasVnrType_Stone,ExterQual_Gd,ExterQual_TA,ExterCond_Gd,ExterCond_TA,Foundation_BrkTil,Foundation_CBlock,Foundation_PConc,BsmtQual_Ex,BsmtQual_Gd,BsmtQual_TA,BsmtCond_TA,BsmtExposure_Av,BsmtExposure_Gd,BsmtExposure_Mn,BsmtExposure_No,BsmtFinType1_ALQ,BsmtFinType1_BLQ,BsmtFinType1_GLQ,BsmtFinType1_LwQ,BsmtFinType1_Rec,BsmtFinType1_Unf,BsmtFinType2_Unf,Heating_GasA,HeatingQC_Ex,HeatingQC_Gd,HeatingQC_TA,CentralAir_N,Electrical_FuseA,Electrical_SBrkr,KitchenQual_Ex,KitchenQual_Gd,KitchenQual_TA,Functional_Typ,FireplaceQu_Gd,FireplaceQu_TA,GarageType_Attchd,GarageType_BuiltIn,GarageType_Detchd,GarageFinish_Fin,GarageFinish_RFn,GarageFinish_Unf,GarageQual_TA,GarageCond_TA,PavedDrive_N,PavedDrive_Y,Fence_MnPrv,SaleType_New,SaleType_WD,SaleCondition_Abnorml,SaleCondition_Normal,SaleCondition_Partial
579,34.0,3604,7,5,2007,2007,0.0,0,0,689,689,703,689,1392,0,0,2,0,2,1,5,0,2007.0,2,540,0,102,0,0,2,2008,146000,0,0,0,0,0,0,0,1,1,1,1,0,0,1,0,0,0,0,0,0,0,0,1,0,1,1,0,1,0,0,1,1,0,1,0,0,0,1,0,0,0,0,1,0,0,1,0,1,0,0,1,0,0,1,0,1,0,1,0,0,0,1,0,0,0,0,0,1,1,1,1,0,0,0,0,1,0,1,0,1,0,0,0,0,1,0,0,1,1,1,0,1,0,0,1,1,0,0
130,69.0,8973,5,7,1958,1991,85.0,567,28,413,1008,1053,0,1053,0,1,1,1,3,1,6,0,1998.0,2,750,0,80,0,0,7,2006,150000,1,0,0,0,1,0,0,1,1,1,0,0,1,1,0,0,0,1,0,0,0,0,0,0,1,1,1,0,0,1,0,1,0,1,0,0,1,0,0,0,0,1,0,0,1,0,0,0,1,0,1,0,1,0,0,0,1,1,0,0,0,1,0,0,0,0,1,0,0,1,0,0,1,0,1,0,1,0,0,1,0,0,0,0,0,0,1,0,1,1,0,1,0,0,1,1,0,0
274,80.0,9600,6,6,1958,1988,183.0,620,620,0,1240,1632,0,1632,1,0,2,0,3,1,6,1,1958.0,1,338,289,0,0,0,4,2009,139000,1,0,0,0,1,0,0,1,1,1,0,0,1,1,0,0,0,1,0,0,0,0,0,1,0,1,1,0,0,1,0,0,1,1,0,0,0,0,1,0,0,0,0,1,0,0,0,0,1,0,1,0,1,0,0,0,1,1,0,0,0,1,0,0,0,0,1,0,0,1,0,1,0,0,0,1,0,0,1,0,1,0,1,0,0,0,1,0,1,1,0,1,1,0,1,0,1,0
99,85.0,10625,5,5,1920,1950,0.0,108,0,350,458,835,0,835,0,0,1,0,2,1,5,0,1920.0,1,366,0,0,77,0,5,2010,83000,0,0,0,0,1,0,0,1,1,1,1,0,0,1,0,1,0,0,0,0,0,0,0,0,1,1,1,0,0,1,0,1,0,1,0,0,0,0,1,0,0,0,0,1,0,1,0,0,1,0,1,1,0,0,0,0,1,1,0,0,0,1,1,0,0,0,0,0,1,1,0,0,0,1,0,1,0,0,1,1,0,0,0,0,0,0,0,1,0,1,0,1,0,0,0,1,0,0
625,80.0,10400,6,5,1972,1972,288.0,247,0,485,732,1012,778,1790,1,0,1,2,4,1,8,1,1972.0,2,484,148,0,0,147,11,2006,165150,0,0,1,0,1,0,0,1,1,1,0,0,1,1,0,0,0,0,1,0,0,0,0,0,1,1,1,0,0,0,1,1,0,1,0,0,0,1,0,0,0,0,1,0,0,1,0,0,1,0,1,0,1,0,0,0,1,1,0,0,0,1,0,0,0,0,1,0,1,1,0,1,0,0,0,1,0,0,1,0,0,1,1,0,0,0,1,0,1,1,0,1,0,0,1,0,1,0
8,70.04995836802665,10382,7,6,1973,1973,240.0,859,32,216,1107,1107,983,2090,1,0,2,1,3,1,7,2,1973.0,2,484,235,204,228,0,11,2009,200000,0,0,1,0,1,0,1,0,1,1,1,0,0,1,0,0,0,0,1,0,0,0,0,0,0,1,1,0,0,0,1,1,0,1,1,0,0,0,0,1,0,0,0,0,0,0,1,0,1,0,1,0,1,0,0,1,0,1,0,0,1,0,1,0,0,0,0,0,0,1,1,0,0,0,0,1,0,0,1,1,0,1,1,0,0,0,1,0,1,1,0,1,0,0,1,0,1,0
1251,93.0,11160,7,5,1968,1968,0.0,1065,0,1045,2110,2110,0,2110,1,0,2,1,3,1,8,2,1968.0,2,522,0,0,0,0,4,2010,244000,1,0,0,0,1,0,0,1,1,1,1,0,0,1,0,0,0,1,0,0,0,0,0,0,1,1,1,0,0,1,0,0,1,1,0,0,0,0,0,0,0,0,0,0,0,1,0,1,0,0,1,0,1,0,0,0,1,1,0,0,0,1,1,0,0,0,0,0,1,1,1,0,0,0,0,1,1,0,0,1,0,1,1,0,0,1,0,0,1,1,0,1,0,0,1,0,1,0
953,60.0,7200,5,8,1972,2003,0.0,660,0,108,768,768,0,768,0,1,1,0,2,1,5,0,1974.0,1,396,192,0,0,0,4,2009,133900,0,0,0,0,1,0,0,1,1,1,0,0,1,1,1,0,0,0,0,0,0,0,0,0,1,1,1,0,0,0,0,1,0,1,0,0,0,0,0,1,0,0,0,0,0,1,0,0,1,1,0,0,1,0,0,1,0,1,1,0,0,0,0,0,1,0,0,0,1,1,0,1,0,0,0,1,0,0,1,1,0,0,0,0,1,1,0,0,1,1,0,1,1,0,1,0,1,0
1304,73.0,8688,7,5,2005,2005,228.0,0,0,1616,1616,1616,0,1616,0,0,2,0,3,1,7,0,2005.0,3,834,208,59,0,0,4,2006,232000,1,0,0,0,1,0,0,1,1,1,0,0,1,1,0,0,0,0,0,0,0,0,1,0,1,1,1,0,0,1,0,1,0,1,0,0,0,1,0,0,0,0,1,0,1,0,0,1,0,0,1,0,0,1,0,1,0,1,1,0,0,0,0,0,0,0,0,1,1,1,1,0,0,0,0,1,0,1,0,1,0,0,1,0,0,0,1,0,1,1,0,1,0,0,1,0,1,0
1146,52.0,6240,5,6,1928,1950,0.0,0,0,1042,1042,1042,534,1576,0,0,1,0,3,1,8,1,1928.0,1,225,0,0,0,0,8,2006,149000,0,1,0,0,0,1,0,1,1,1,0,0,1,1,0,0,0,0,0,0,0,0,0,0,1,1,1,0,1,0,0,1,0,1,0,1,0,0,0,0,1,0,0,0,0,1,0,0,1,0,1,1,0,0,0,0,1,1,0,0,0,1,0,0,0,0,0,1,1,1,1,0,0,0,0,1,0,0,1,1,1,0,0,0,1,0,0,1,1,1,0,1,0,0,1,0,0,0
596,69.0,11302,8,5,2005,2006,238.0,1422,0,392,1814,1826,0,1826,1,0,2,0,3,1,7,1,2005.0,3,758,180,75,0,120,8,2006,319000,1,0,0,0,1,0,1,0,1,1,0,0,1,1,0,0,0,0,0,0,0,0,0,0,1,1,1,0,0,1,0,1,0,1,0,0,0,1,0,0,0,0,0,0,1,0,0,1,0,0,1,0,0,1,0,1,0,1,0,1,0,0,0,0,1,0,0,0,1,1,1,0,0,0,0,1,0,1,0,1,0,1,1,0,0,1,0,0,1,1,0,1,0,1,0,0,0,1
1248,70.04995836802665,12328,6,5,1976,1976,335.0,539,0,473,1012,1034,0,1034,1,0,1,0,3,1,6,0,1976.0,3,888,0,0,0,0,5,2010,169900,0,0,0,0,1,0,1,0,1,1,0,0,1,1,0,0,0,0,0,0,0,0,0,0,1,1,1,0,0,0,0,1,0,1,1,0,0,0,0,1,0,0,0,0,1,0,0,0,1,0,1,0,1,0,0,0,1,1,1,0,0,0,0,0,1,0,0,0,1,1,0,0,1,0,0,1,0,0,1,1,0,0,1,0,0,0,0,1,1,1,0,1,0,0,1,0,1,0
249,72.0,11317,7,5,2003,2003,101.0,0,0,840,840,840,828,1668,0,0,2,1,3,1,8,0,2003.0,2,500,144,68,0,0,9,2007,180000,0,0,1,0,1,0,0,1,1,1,0,0,1,1,1,0,0,0,0,0,0,0,0,0,1,1,1,0,0,0,1,1,0,1,0,0,0,1,0,0,0,0,1,0,1,0,0,1,0,0,1,0,0,1,0,1,0,1,0,0,0,1,0,0,0,0,0,1,1,1,1,0,0,0,0,1,0,1,0,1,0,0,1,0,0,0,1,0,1,1,0,1,0,0,1,0,1,0
2,80.0,9600,6,8,1976,1976,0.0,978,0,284,1262,1262,0,1262,0,1,2,0,3,1,6,1,1976.0,2,460,298,0,0,0,5,2007,181500,1,0,0,0,1,0,0,1,1,1,0,0,0,1,0,0,0,0,0,0,0,0,0,1,0,1,1,0,0,1,0,1,0,1,0,1,0,0,0,0,1,0,0,0,0,1,0,0,1,0,1,0,1,0,0,1,0,1,0,1,0,0,1,0,0,0,0,0,1,1,1,0,0,0,0,1,0,0,1,1,0,1,1,0,0,0,1,0,1,1,0,1,0,0,1,0,1,0
270,70.04995836802665,7917,6,7,1976,1976,174.0,751,0,392,1143,1113,0,1113,1,0,1,1,3,1,6,1,1987.0,1,504,370,30,0,0,5,2007,148000,1,0,0,0,1,0,1,0,1,1,1,0,0,1,0,1,0,0,0,0,0,0,0,0,1,1,1,0,0,1,0,0,1,1,1,0,0,0,0,1,0,0,0,0,1,0,0,0,1,1,0,0,1,0,0,0,1,0,0,0,0,1,0,1,0,0,0,0,1,1,0,0,1,0,0,1,0,0,1,1,0,0,1,0,0,0,1,0,1,0,0,1,0,0,1,0,1,0
673,70.04995836802665,11250,6,6,1977,1977,0.0,767,0,441,1208,1208,0,1208,1,0,1,1,3,1,6,1,1977.0,2,546,198,42,0,0,6,2006,165000,1,0,0,0,1,0,1,0,1,1,0,0,1,1,0,0,0,0,0,0,0,0,0,0,1,1,1,0,0,1,0,1,0,1,0,0,1,0,0,0,0,1,0,0,0,1,0,1,0,0,1,0,1,0,0,1,0,1,0,0,0,1,1,0,0,0,0,0,1,1,0,0,1,0,0,1,0,0,1,1,0,1,1,0,0,0,1,0,1,1,0,1,0,0,1,0,1,0
1295,60.0,8172,5,7,1955,1990,0.0,167,0,697,864,864,0,864,1,0,1,0,2,1,5,0,1957.0,2,572,0,0,0,0,4,2006,115000,1,0,0,0,1,0,0,1,1,1,0,0,1,1,0,1,0,0,0,0,0,0,0,0,1,1,1,0,0,1,0,0,1,1,0,0,0,0,0,0,0,1,0,0,0,1,0,0,1,0,1,0,1,0,0,0,1,1,0,0,0,1,0,0,0,0,1,0,1,1,0,0,1,0,0,1,0,0,1,1,0,0,0,0,1,0,0,1,1,1,1,0,0,0,1,0,1,0
389,93.0,9382,7,5,1999,2000,125.0,0,0,1468,1468,1479,0,1479,0,0,2,0,3,1,6,0,1999.0,2,577,120,25,0,0,7,2008,191000,1,0,0,0,1,0,1,0,1,1,0,1,0,1,1,0,0,0,0,0,0,0,0,0,1,1,1,0,0,1,0,1,0,1,0,0,0,1,0,0,0,0,1,0,1,0,0,1,0,0,1,0,0,1,0,1,0,1,0,0,0,1,0,0,0,0,0,1,1,1,1,0,0,0,0,1,0,1,0,1,0,0,1,0,0,0,1,0,1,1,0,1,0,0,1,0,1,0
481,98.0,16033,9,5,2004,2005,378.0,1261,0,572,1833,1850,0,1850,1,0,2,0,3,1,8,1,2004.0,3,772,519,112,0,0,3,2006,326000,1,0,0,0,1,0,1,0,1,1,0,0,0,1,0,0,0,0,0,1,0,0,0,0,1,1,1,0,0,1,0,0,1,1,0,0,0,1,0,0,0,0,1,0,1,0,0,1,0,0,1,0,0,1,1,0,0,1,0,1,0,0,0,0,1,0,0,0,1,1,1,0,0,0,0,1,0,1,0,1,1,0,1,0,0,1,0,0,1,1,0,1,0,0,1,0,1,0
471,70.04995836802665,6820,8,5,1985,1985,0.0,368,1120,0,1488,1502,0,1502,1,0,1,1,1,1,4,0,1985.0,2,528,0,54,0,140,6,2010,212000,0,0,0,1,1,0,1,0,1,1,1,0,0,1,0,0,0,0,0,0,0,0,0,0,1,1,0,1,0,1,0,1,0,1,1,0,0,0,0,1,0,0,0,0,0,1,0,1,0,0,1,0,0,1,0,1,0,1,1,0,0,0,0,0,1,0,0,0,0,1,0,0,1,0,0,1,0,1,0,1,0,0,1,0,0,0,1,0,1,1,0,1,0,0,1,0,1,0
922,67.0,8777,5,7,1900,2003,0.0,1084,0,188,1272,1272,928,2200,2,0,2,2,4,2,9,0,1978.5061638868744,0,0,0,70,0,0,9,2008,145900,0,0,0,0,1,0,0,1,1,1,0,0,1,1,0,1,0,0,0,0,0,0,0,1,0,1,0,0,1,0,0,1,0,1,0,1,0,0,0,0,1,0,0,0,0,1,0,0,1,0,1,0,1,0,0,0,1,1,0,0,0,1,1,0,0,0,0,0,1,1,0,1,0,0,0,1,0,0,1,1,0,0,0,0,0,0,0,0,0,0,1,0,0,0,1,0,1,0
112,70.04995836802665,7750,7,5,2000,2000,0.0,250,0,134,384,774,656,1430,0,0,2,1,3,1,7,1,2000.0,2,400,180,0,0,0,4,2010,180000,0,0,0,0,1,0,1,0,1,1,0,0,1,1,0,0,1,0,0,0,0,0,0,0,1,1,1,0,0,0,0,1,0,1,0,0,0,1,0,0,0,0,1,0,0,1,0,0,1,0,1,0,0,1,0,1,0,1,0,0,0,1,0,0,1,0,0,0,1,1,1,0,0,0,0,1,0,0,1,1,0,1,0,1,0,1,0,0,1,1,0,1,0,0,1,0,1,0
973,55.0,7892,6,5,1979,1979,0.0,0,0,918,918,918,0,918,0,0,2,0,2,1,5,1,1979.0,1,264,28,0,0,0,4,2010,99500,0,0,0,1,1,0,0,1,1,1,0,0,1,1,0,0,0,0,0,0,0,0,0,0,1,1,0,1,0,1,0,1,0,1,0,0,1,0,0,0,0,1,0,0,0,1,0,0,1,0,1,0,1,0,0,1,0,1,0,0,0,1,0,0,0,0,0,1,1,1,0,0,1,0,0,1,0,0,1,1,0,1,1,0,0,0,0,1,1,1,0,1,0,0,1,0,1,0
1153,90.0,14115,6,7,1956,2004,0.0,296,547,230,1073,1811,0,1811,0,0,1,0,2,1,6,1,1956.0,2,470,0,0,280,0,7,2006,230000,1,0,0,0,1,0,1,0,1,1,0,0,1,1,0,0,0,0,0,0,0,0,0,0,1,1,1,0,0,1,0,1,0,1,0,0,0,0,0,0,0,0,0,0,0,1,0,0,1,0,1,0,0,1,0,0,1,1,0,0,0,1,1,0,0,0,0,0,0,1,1,0,0,0,0,1,1,0,0,1,1,0,1,0,0,1,0,0,1,1,0,1,0,0,1,1,0,0
1108,168.0,23257,7,5,2006,2006,0.0,0,0,868,868,887,1134,2021,0,0,2,1,3,1,9,1,2006.0,2,422,0,100,0,0,9,2006,274725,0,0,1,0,1,0,0,0,0,1,0,1,0,1,0,0,1,0,0,0,0,0,0,0,1,1,1,0,0,0,1,1,0,1,0,0,0,1,0,0,0,0,1,0,0,1,0,1,0,0,1,0,0,1,1,0,0,0,0,0,0,1,0,0,0,0,0,1,1,1,1,0,0,0,0,1,0,1,0,1,1,0,0,1,0,0,1,0,1,1,0,1,0,1,0,0,0,1
770,47.0,53504,8,5,2003,2003,603.0,1416,0,234,1650,1690,1589,3279,1,0,3,1,4,1,12,1,2003.0,3,841,503,36,0,210,6,2010,538000,0,0,1,0,1,0,0,0,0,1,0,1,0,0,0,0,0,0,0,0,0,0,0,0,1,1,1,0,0,0,1,0,1,1,0,0,0,0,0,0,0,0,0,0,1,0,0,0,0,0,1,0,0,1,0,1,0,1,0,1,0,0,1,0,0,0,0,0,1,1,1,0,0,0,0,1,1,0,0,0,1,0,0,1,0,1,0,0,1,1,0,1,0,0,1,0,1,0
721,70.04995836802665,6563,8,5,1985,1985,0.0,1148,0,594,1742,1742,0,1742,1,0,2,0,2,1,5,1,1985.0,2,564,114,28,234,0,12,2006,275000,0,0,0,1,1,0,1,0,0,1,0,1,0,0,0,0,0,0,0,0,0,0,0,0,1,1,1,0,0,1,0,1,0,1,1,0,0,0,0,1,0,0,0,0,0,1,0,1,0,0,1,0,0,1,0,1,0,1,0,1,0,0,0,0,1,0,0,0,1,1,0,0,1,0,0,1,0,1,0,1,0,1,1,0,0,0,1,0,1,1,0,1,0,0,1,0,1,0
1186,60.0,9738,5,7,1924,1950,0.0,392,0,392,784,949,272,1221,1,0,1,0,4,1,7,0,1965.0,1,392,0,0,236,0,3,2006,104900,0,1,0,0,1,0,0,1,1,1,0,0,1,1,0,1,0,0,0,0,0,0,0,0,1,1,1,0,1,0,0,1,0,1,0,0,0,0,0,0,0,0,0,0,0,1,0,0,1,1,0,1,0,0,0,0,1,1,0,0,0,1,0,1,0,0,0,0,1,1,0,1,0,0,0,1,0,0,1,1,0,0,1,0,0,0,0,1,1,1,0,1,0,0,1,0,1,0
1140,98.0,8731,5,5,1920,1950,0.0,645,0,270,915,1167,0,1167,0,0,1,0,3,1,6,1,1972.0,2,495,0,0,216,126,5,2007,144000,0,0,0,0,1,0,1,0,1,1,0,0,1,1,0,0,0,0,0,0,0,0,0,0,1,1,1,0,0,1,0,1,0,1,0,0,0,0,0,0,0,0,0,0,0,1,0,0,1,0,0,1,0,0,0,0,1,1,0,0,0,1,0,1,0,0,0,0,1,1,0,0,1,0,0,1,0,0,1,0,1,0,0,0,1,0,0,1,1,1,0,1,0,0,1,0,1,0
155,84.0,11340,6,5,1923,1950,0.0,0,0,1200,1200,1200,0,1200,0,0,1,0,4,1,7,0,1923.0,1,312,0,0,228,0,3,2006,125000,0,0,0,0,0,1,0,1,1,1,1,0,0,1,0,0,0,0,0,0,1,0,0,0,1,1,1,0,0,1,0,1,0,1,0,0,0,0,1,0,0,0,0,1,0,1,0,0,1,0,1,1,0,0,0,0,1,1,0,0,0,1,0,0,0,0,0,1,1,1,0,0,1,0,1,0,0,0,1,1,0,0,0,0,1,0,0,1,0,0,0,1,0,0,1,0,0,0
1133,90.0,9900,6,4,1880,1950,0.0,0,0,1008,1008,1178,1032,2210,0,0,2,0,5,1,8,0,1930.0,1,205,0,48,0,0,5,2007,117500,0,0,0,0,0,1,0,1,1,1,0,0,1,1,0,0,0,0,0,0,1,0,0,0,1,1,1,0,0,0,1,1,0,1,0,0,0,0,1,0,0,0,0,1,0,1,0,0,1,0,1,1,0,0,0,0,1,1,0,0,1,0,0,0,0,0,0,1,1,0,0,0,1,0,0,1,0,0,0,1,0,0,0,0,1,0,0,1,0,1,1,0,0,0,1,0,1,0
1446,70.0,8400,6,5,1966,1966,0.0,187,627,0,814,913,0,913,1,0,1,0,3,1,6,0,1990.0,1,240,0,0,252,0,5,2007,129000,0,0,0,0,1,0,0,1,1,1,0,0,1,1,0,0,0,0,0,0,0,1,0,0,1,1,1,0,0,0,0,1,0,1,0,0,0,1,0,0,0,0,1,0,0,1,0,0,1,0,1,0,1,0,0,0,1,1,0,1,0,0,0,0,0,1,0,0,0,1,0,1,0,0,0,1,0,0,1,1,0,0,0,0,1,0,0,1,1,1,0,1,0,0,1,0,1,0
1320,75.0,10215,4,5,1954,1954,132.0,492,0,372,864,948,0,948,0,0,1,0,3,1,5,0,1954.0,1,248,0,0,0,0,2,2007,111000,1,0,0,0,1,0,0,1,0,1,0,0,1,1,0,1,0,0,0,0,0,0,0,0,1,1,1,0,0,1,0,0,1,1,0,0,0,0,1,0,0,0,0,1,1,0,0,0,1,0,1,0,0,1,0,0,1,1,0,0,0,1,1,0,0,0,0,0,1,1,1,0,0,0,0,1,0,0,1,1,0,0,1,0,0,0,0,1,1,1,0,1,0,0,1,0,1,0
616,80.0,8800,6,7,1963,1963,156.0,763,0,173,936,1054,0,1054,1,0,1,0,3,1,6,0,1963.0,2,480,120,0,0,0,5,2010,137500,0,0,0,0,1,0,0,1,1,1,0,0,1,1,0,0,0,1,0,0,0,0,0,1,0,1,1,0,0,0,0,1,0,1,0,1,0,0,0,0,1,0,0,0,1,0,0,0,1,1,0,0,0,1,0,0,1,1,0,1,0,0,0,0,1,0,0,0,1,1,1,0,0,0,0,1,0,1,0,1,0,0,1,0,0,0,1,0,1,1,0,1,1,0,1,1,0,0
992,121.0,17671,8,9,1882,1986,0.0,216,0,700,916,916,826,1742,0,0,1,1,4,1,8,1,1925.0,2,424,0,169,0,0,11,2009,168000,0,0,0,0,0,1,0,1,1,1,1,0,0,1,0,0,0,0,0,0,1,0,0,0,0,1,1,0,0,0,1,1,0,1,0,0,0,0,1,0,0,0,0,1,0,1,0,1,0,1,0,1,0,0,0,0,1,1,0,0,0,1,0,1,0,0,0,0,1,1,0,1,0,0,0,1,0,1,0,1,1,0,1,0,0,0,0,1,1,1,0,0,0,0,1,0,1,0
847,75.0,9317,7,5,1993,1993,137.0,513,0,227,740,1006,769,1775,1,0,2,1,3,1,7,1,1993.0,2,425,234,72,192,0,7,2009,213000,0,0,1,0,1,0,0,1,1,1,0,0,1,1,0,0,0,0,0,0,0,0,0,0,1,1,1,0,0,0,1,1,0,1,1,0,0,0,0,1,0,0,0,0,1,0,0,1,0,0,1,0,0,1,0,1,0,1,0,0,0,1,1,0,0,0,0,0,1,1,1,0,0,0,0,1,0,1,0,1,0,1,1,0,0,0,0,1,1,1,0,1,0,0,1,0,1,0
531,85.0,10200,6,5,1988,1989,219.0,783,0,678,1461,1509,0,1509,1,0,2,0,3,1,5,1,1988.0,2,600,224,0,0,0,8,2008,175000,0,0,0,0,1,0,0,1,1,1,0,0,1,1,0,0,0,0,0,0,0,0,0,0,1,1,1,0,0,0,0,1,0,1,1,0,0,0,0,1,0,0,0,0,1,0,0,1,0,0,1,0,1,0,0,1,0,1,1,0,0,0,0,0,1,0,0,0,1,1,1,0,0,0,0,1,0,1,0,1,0,0,1,0,0,0,1,0,1,1,0,1,0,0,1,1,0,0
1416,51.0,3635,7,5,2007,2007,130.0,988,0,398,1386,1569,0,1569,0,1,2,0,1,1,7,1,2007.0,3,660,143,20,0,0,5,2009,175900,0,0,0,1,1,0,0,1,1,1,0,0,1,1,0,0,0,0,0,0,0,0,0,0,1,1,0,1,0,1,0,0,1,1,0,0,0,1,0,0,0,0,1,0,1,0,0,1,0,0,1,0,0,1,0,1,0,1,0,0,0,1,1,0,0,0,0,0,1,1,1,0,0,0,0,1,0,1,0,1,0,1,1,0,0,0,1,0,1,1,0,1,0,0,1,0,1,0
1006,65.0,8385,5,8,1977,1977,220.0,595,0,390,985,985,0,985,0,0,2,0,3,1,6,0,1977.0,1,328,210,0,0,0,11,2008,149900,0,0,0,0,1,0,0,1,1,1,0,0,1,1,1,0,0,0,0,0,0,0,0,0,1,1,1,0,0,0,0,1,0,1,1,0,0,0,0,1,0,0,0,0,1,0,0,1,0,0,1,0,1,0,0,1,0,0,1,0,0,0,0,0,1,0,0,0,1,1,0,0,1,0,0,1,0,0,1,1,0,0,1,0,0,0,0,1,1,1,0,1,0,0,1,0,1,0
199,92.0,5520,6,6,1912,1950,0.0,0,0,755,755,929,929,2229,0,0,1,0,5,1,8,0,1978.5061638868744,0,0,0,198,30,0,7,2009,104000,0,0,0,0,0,1,0,1,1,1,1,0,0,1,0,0,0,0,0,0,1,0,0,0,1,1,1,0,0,0,0,1,0,1,0,0,0,0,1,0,0,0,0,1,0,1,0,0,1,0,1,0,1,0,0,0,1,1,0,0,0,1,0,0,0,0,0,1,1,1,1,0,0,0,0,1,0,0,1,1,0,0,0,0,0,0,0,0,0,0,0,1,1,0,1,1,0,0
382,60.0,7200,7,5,2006,2006,0.0,0,0,1293,1293,1301,0,1301,1,0,2,0,2,1,5,1,2006.0,2,572,216,121,0,0,8,2006,187750,1,0,0,0,0,0,0,1,1,1,0,0,1,1,0,0,0,0,0,0,0,0,1,0,1,1,1,0,0,1,0,1,0,1,0,0,0,1,0,0,0,0,1,0,0,1,0,1,0,0,1,0,0,1,0,1,0,0,0,0,0,1,0,0,0,0,0,1,1,1,1,0,0,0,0,1,0,1,0,1,1,0,1,0,0,0,1,0,1,1,0,1,0,1,0,0,0,1
46,61.0,7658,9,5,2005,2005,412.0,456,0,1296,1752,1752,0,1752,1,0,2,0,2,1,6,1,2005.0,2,576,196,82,0,0,2,2010,319900,0,0,0,1,1,0,0,1,1,1,0,0,1,1,0,0,0,0,0,1,0,0,0,0,1,1,0,1,0,1,0,0,1,1,0,1,0,0,0,0,1,0,0,0,1,0,0,0,0,0,1,0,0,1,1,0,0,1,0,0,0,1,0,0,1,0,0,0,1,1,1,0,0,0,0,1,1,0,0,1,1,0,1,0,0,0,1,0,1,1,0,1,0,0,1,0,1,0
985,75.0,10125,5,5,1977,1977,0.0,0,0,0,0,1302,432,1734,0,0,2,0,4,2,8,0,1977.0,2,539,0,0,0,0,8,2009,126000,0,0,0,0,1,0,0,1,1,1,0,0,1,1,0,0,0,0,0,0,0,0,0,0,1,1,0,0,1,0,0,1,0,1,0,0,1,0,0,0,0,1,0,0,0,1,0,0,1,0,1,0,1,0,0,0,0,0,0,0,0,0,0,0,0,0,0,0,0,1,0,0,1,0,0,1,0,1,0,1,0,0,1,0,0,0,0,1,1,1,0,1,0,0,0,0,1,0
919,103.0,13125,7,5,1991,1991,0.0,48,634,422,1104,912,1215,2127,1,0,2,1,4,1,8,1,1991.0,3,833,72,192,224,0,11,2007,238000,0,0,1,0,1,0,1,0,1,1,1,0,0,1,0,0,0,0,0,0,0,0,0,0,1,1,1,0,0,0,1,1,0,1,1,0,0,0,0,1,0,0,0,0,0,1,0,1,0,0,1,0,0,1,1,0,0,1,0,0,1,0,0,1,0,0,0,0,0,1,1,0,0,0,0,1,0,1,0,1,0,1,1,0,0,0,1,0,1,1,0,1,0,0,1,0,1,0
1097,60.0,6882,6,7,1914,2006,0.0,0,0,684,684,773,582,1355,0,0,1,1,3,1,7,0,1978.5061638868744,0,0,136,0,115,0,3,2007,127000,0,0,0,0,0,1,0,1,1,1,0,0,1,1,0,0,0,0,0,0,0,0,0,0,1,1,1,0,0,0,1,1,0,1,0,0,0,0,1,0,0,0,0,1,0,1,0,0,1,0,1,0,0,1,0,0,1,1,0,0,0,1,0,0,0,0,0,1,1,1,0,0,1,0,0,1,0,1,0,1,0,0,0,0,0,0,0,0,0,0,0,1,0,0,1,0,1,0
709,65.0,9018,7,5,2007,2007,0.0,0,0,728,728,728,728,1456,0,0,2,1,3,1,8,1,2007.0,2,400,100,24,0,0,7,2007,179540,0,0,1,0,1,0,1,0,1,1,0,0,1,1,0,0,1,0,0,0,0,0,0,0,1,1,1,0,0,0,1,0,1,1,0,0,0,1,0,0,0,0,1,0,0,1,0,1,0,0,1,0,0,1,0,1,0,1,1,0,0,0,0,0,0,0,0,1,1,1,1,0,0,0,0,1,0,1,0,1,1,0,1,0,0,1,0,0,1,1,0,1,0,1,0,0,0,1
855,102.0,17920,5,4,1955,1974,0.0,306,1085,372,1763,1779,0,1779,1,0,1,1,3,1,6,1,1955.0,2,454,0,418,0,312,7,2006,170000,1,0,0,0,1,0,0,1,1,1,0,0,1,1,0,0,0,0,0,0,0,1,0,0,1,1,1,0,0,1,0,0,1,1,0,0,0,0,1,0,0,1,0,0,0,1,0,0,1,0,1,0,1,0,0,0,1,1,0,0,1,0,1,0,0,0,0,0,0,1,0,0,1,0,0,1,0,0,1,1,1,0,1,0,0,0,0,1,1,1,0,1,0,0,1,1,0,0
460,70.04995836802665,7015,5,4,1950,1950,161.0,185,0,524,709,979,224,1203,1,0,1,0,3,1,5,1,1950.0,1,352,0,0,248,0,7,2009,110000,0,1,0,0,1,0,1,0,0,1,1,0,0,1,0,0,0,0,0,0,0,0,0,0,1,1,1,0,1,0,0,1,0,1,0,1,0,0,0,0,1,0,0,0,0,0,0,0,1,0,1,0,1,0,0,0,1,1,0,0,0,1,0,0,0,1,0,0,1,1,0,0,1,0,0,1,0,1,0,1,0,1,0,0,1,0,0,1,1,1,0,1,0,0,1,0,1,0
21,101.0,14215,8,5,2005,2006,380.0,0,0,1158,1158,1158,1218,2376,0,0,3,1,4,1,9,1,2005.0,3,853,240,154,0,0,11,2006,325300,0,0,1,0,1,0,1,0,1,1,1,0,0,1,0,0,0,0,0,1,0,0,0,0,1,1,1,0,0,0,1,1,0,1,0,0,0,1,0,0,0,0,1,0,1,0,0,1,0,0,1,0,0,1,1,0,0,1,1,0,0,0,0,0,0,0,0,1,1,1,1,0,0,0,0,1,0,1,0,1,1,0,0,1,0,0,1,0,1,1,0,1,0,1,0,0,0,1
627,70.04995836802665,12342,5,5,1960,1978,0.0,0,0,978,978,1422,0,1422,0,0,1,0,3,1,6,1,1960.0,1,286,0,0,36,0,8,2007,139900,1,0,0,0,1,0,1,0,1,1,0,0,1,1,0,0,0,1,0,0,0,0,0,0,1,1,1,0,0,1,0,0,1,1,0,0,0,0,1,0,0,0,0,1,0,1,0,0,1,0,1,0,1,0,0,0,1,1,0,0,0,1,0,0,0,0,0,1,1,1,0,0,1,0,0,1,0,0,1,0,0,1,1,0,0,0,1,0,1,1,0,1,0,0,1,0,1,0
1068,80.0,9760,6,6,1964,1964,360.0,674,106,0,780,798,813,1611,1,0,1,1,4,1,7,0,1964.0,2,442,328,128,0,189,6,2008,167900,0,0,1,0,1,0,0,1,1,1,0,0,1,0,0,0,0,1,0,0,0,0,0,0,1,1,1,0,0,0,1,1,0,1,1,0,0,0,0,1,0,0,0,0,1,0,0,0,1,0,1,0,1,0,0,0,1,1,0,1,0,0,0,0,1,0,0,0,0,1,0,0,1,0,0,1,0,0,1,1,0,0,1,0,0,0,1,0,1,1,0,1,0,0,1,0,1,0
462,60.0,7200,7,9,1936,2007,0.0,350,210,0,560,575,560,1135,1,0,1,0,3,1,6,0,1971.0,2,576,256,0,0,0,4,2009,155000,0,0,0,0,1,0,0,1,1,1,0,0,1,1,0,0,0,0,0,0,0,0,0,1,0,1,1,0,0,0,1,1,0,1,0,0,0,0,1,0,0,0,0,1,0,1,0,1,0,1,0,0,0,1,0,1,0,0,0,0,0,1,1,0,0,0,0,0,0,1,1,0,0,0,0,1,0,1,0,1,0,0,0,0,1,0,1,0,1,1,0,1,1,0,1,0,1,0
303,118.0,13704,7,5,2001,2002,150.0,0,0,1541,1541,1541,0,1541,0,0,2,0,3,1,6,1,2001.0,3,843,468,81,0,0,1,2006,205000,1,0,0,0,1,0,1,0,1,1,1,0,0,1,1,0,0,0,0,0,0,0,0,0,1,1,1,0,0,1,0,1,0,1,0,0,0,1,0,0,0,0,1,0,1,0,0,1,0,0,1,0,0,1,0,1,0,1,0,0,0,1,0,0,0,0,0,1,1,1,1,0,0,0,0,1,0,1,0,1,0,1,1,0,0,0,1,0,1,1,0,1,0,0,1,0,1,0
6,85.0,14115,5,5,1993,1995,0.0,732,0,64,796,796,566,1362,1,0,1,1,1,1,5,0,1993.0,2,480,40,30,0,0,10,2009,143000,0,1,0,0,1,0,1,0,1,1,0,0,1,1,0,0,0,0,0,0,0,0,0,0,1,1,1,0,1,0,0,1,0,1,0,0,0,1,0,0,0,0,1,0,0,1,0,0,1,0,1,0,0,0,0,1,0,1,0,0,0,1,0,0,1,0,0,0,1,1,1,0,0,0,0,1,0,0,1,1,0,0,1,0,0,0,0,1,1,1,0,1,1,0,1,0,1,0
503,70.0,9170,5,7,1965,1965,0.0,698,96,420,1214,1214,0,1214,1,0,1,0,2,1,6,0,1965.0,2,461,0,0,184,0,4,2007,140000,1,0,0,0,1,0,0,1,1,1,1,0,0,1,0,1,0,0,0,0,0,0,0,1,0,1,1,0,0,1,0,0,1,1,0,1,0,0,0,0,1,0,0,0,0,1,0,0,1,0,1,0,1,0,0,0,1,1,0,0,0,1,1,0,0,0,0,0,0,1,1,0,0,0,0,1,0,0,1,1,0,0,0,0,1,0,0,1,0,0,0,1,0,0,1,0,1,0
501,21.0,1890,6,5,1973,1973,285.0,356,0,316,672,672,546,1218,0,0,1,1,3,1,7,0,1973.0,1,264,144,28,0,0,5,2007,113000,0,0,0,0,0,1,0,1,1,1,0,0,1,1,0,0,0,0,0,0,0,0,0,0,1,1,0,0,0,0,1,1,0,1,1,0,0,0,0,1,0,0,0,0,1,0,0,0,1,0,1,0,1,0,0,0,1,1,0,0,0,1,0,1,0,0,0,0,1,1,0,0,1,0,0,1,0,0,1,1,0,0,0,0,1,0,0,1,1,1,0,1,0,0,1,0,1,0
1434,93.0,10261,6,5,2000,2000,318.0,0,0,936,936,962,830,1792,1,0,2,1,3,1,8,1,2000.0,2,451,0,0,0,0,5,2008,186500,0,0,1,0,1,0,1,0,1,1,0,0,1,1,0,0,1,0,0,0,0,0,0,0,1,1,1,0,0,0,1,1,0,1,0,0,0,1,0,0,0,0,1,0,1,0,0,0,1,0,1,0,0,1,0,1,0,1,0,0,0,1,0,0,0,0,0,1,1,1,1,0,0,0,0,1,0,0,1,1,0,1,1,0,0,1,0,0,1,1,0,1,0,0,1,0,1,0
907,116.0,13501,8,5,2006,2006,208.0,63,0,1560,1623,1636,0,1636,1,0,2,0,3,1,8,1,2006.0,3,865,0,60,0,0,6,2007,255000,1,0,0,0,1,0,1,0,1,1,1,0,0,1,0,0,0,0,0,0,0,0,1,0,1,1,1,0,0,1,0,1,0,1,0,0,0,1,0,0,0,0,1,0,0,0,1,1,0,0,1,0,0,1,0,1,0,1,0,0,0,1,0,0,1,0,0,0,1,1,1,0,0,0,0,1,0,1,0,1,1,0,1,0,0,0,1,0,1,1,0,1,0,0,1,0,1,0
1433,60.0,10800,4,6,1927,2007,0.0,0,0,656,656,968,0,968,0,0,2,0,4,1,5,0,1928.0,1,216,0,0,0,0,8,2007,64500,0,0,0,0,1,0,0,1,1,1,0,0,1,1,0,0,0,0,0,0,1,0,0,0,1,1,1,0,0,1,0,1,0,1,0,0,0,0,1,0,0,0,0,1,0,1,0,0,1,0,1,1,0,0,0,0,1,1,0,0,0,1,0,0,0,0,0,1,1,1,0,0,1,0,0,1,0,0,1,1,0,0,0,0,1,0,0,1,0,0,0,1,0,0,1,0,1,0
362,70.04995836802665,9144,5,5,1940,1982,0.0,399,0,484,883,988,517,1505,1,0,1,0,3,1,8,0,1940.0,1,240,0,0,0,0,7,2008,145000,0,1,0,0,1,0,0,1,1,1,0,0,1,1,0,0,0,0,0,0,0,0,0,0,1,1,1,0,1,0,0,1,0,1,0,1,0,0,0,0,1,0,0,0,0,1,0,0,1,0,1,0,1,0,0,0,1,1,0,0,0,1,0,0,0,0,1,0,1,1,0,1,0,0,0,1,0,0,1,1,0,0,0,0,1,0,0,1,1,1,1,0,0,0,1,0,1,0
1312,68.0,8814,7,5,2005,2007,80.0,925,0,349,1274,1274,0,1274,1,0,2,0,3,1,6,0,2005.0,2,508,264,98,0,0,1,2007,203000,1,0,0,0,1,0,0,1,1,1,0,0,1,1,1,0,0,0,0,0,0,0,0,0,1,1,1,0,0,1,0,1,0,1,0,0,0,1,0,0,0,0,1,0,1,0,0,1,0,0,1,0,0,1,0,1,0,1,0,0,0,1,0,0,1,0,0,0,1,1,1,0,0,0,0,1,0,1,0,1,0,0,1,0,0,0,1,0,1,1,0,1,0,1,0,0,0,1
277,129.0,9196,7,5,2003,2003,0.0,0,0,1560,1560,1560,0,1560,0,0,2,0,3,1,7,0,2003.0,2,573,100,150,0,0,4,2010,201000,1,0,0,0,1,0,1,0,1,1,0,0,1,1,0,0,0,0,0,0,0,0,0,0,1,1,1,0,0,1,0,1,0,1,0,0,0,1,0,0,0,0,1,0,0,1,0,1,0,0,1,0,0,1,1,0,0,1,0,0,0,1,0,0,0,0,0,1,1,1,1,0,0,0,0,1,0,1,0,1,0,0,1,0,0,1,0,0,1,1,0,1,0,0,1,0,1,0
802,40.0,4800,4,7,1916,1990,0.0,197,0,999,1196,1196,0,1196,1,0,1,0,2,1,5,0,1957.0,2,440,0,0,0,0,7,2007,109900,0,0,0,0,0,1,0,1,1,1,0,0,1,1,0,0,0,0,0,0,0,0,0,0,1,1,1,0,0,1,0,1,0,1,0,1,0,0,0,0,1,0,0,0,0,1,0,0,1,0,1,0,1,0,0,0,1,1,0,0,0,1,0,0,0,1,0,0,1,1,1,0,0,0,1,0,0,0,1,1,0,0,0,0,1,0,0,1,1,1,0,1,0,0,1,0,1,0
1290,86.0,11065,8,5,2006,2006,788.0,0,0,1085,1085,1120,850,1970,0,0,2,1,3,1,8,1,2006.0,3,753,177,74,0,0,10,2006,281000,0,0,1,0,1,0,1,0,1,1,0,0,1,1,0,0,0,0,0,1,0,0,0,0,1,1,1,0,0,0,1,1,0,1,0,0,0,1,0,0,0,0,1,0,0,0,1,1,0,0,1,0,0,1,0,1,0,1,0,0,1,0,0,0,0,0,0,1,1,1,1,0,0,0,0,1,1,0,0,1,1,0,0,1,0,1,0,0,1,1,0,1,0,1,0,0,0,1
1096,78.0,9317,6,5,2006,2006,0.0,24,0,1290,1314,1314,0,1314,0,0,2,0,3,1,6,1,2006.0,2,440,0,22,0,0,3,2007,176432,1,0,0,0,1,0,1,0,1,1,0,0,1,1,1,0,0,0,0,0,0,0,0,0,1,1,1,0,0,1,0,1,0,1,0,0,0,1,0,0,0,0,1,0,0,1,0,1,0,0,1,0,0,1,0,1,0,1,0,0,0,1,0,0,1,0,0,0,1,1,0,1,0,0,0,1,0,1,0,1,1,0,1,0,0,0,1,0,1,1,0,1,0,0,1,0,1,0
743,65.0,8450,7,5,2000,2001,108.0,0,0,1349,1349,1349,0,1349,0,0,2,0,3,1,6,0,2000.0,2,539,120,55,0,0,12,2007,179000,1,0,0,0,1,0,0,1,1,1,0,0,1,1,0,0,0,0,0,0,0,0,0,0,1,1,1,0,0,1,0,1,0,1,0,0,0,1,0,0,0,0,1,0,1,0,0,0,1,0,1,0,0,1,0,1,0,1,0,0,0,1,0,0,0,0,0,1,1,1,1,0,0,0,0,1,0,0,1,1,0,0,1,0,0,0,0,1,1,1,0,1,0,0,1,0,1,0
617,70.04995836802665,7861,6,5,2002,2003,0.0,457,0,326,783,807,702,1509,1,0,2,1,3,1,7,1,2002.0,2,393,100,75,0,0,6,2006,183200,0,0,1,0,1,0,1,0,1,1,0,0,1,1,0,0,1,0,0,0,0,0,0,0,1,1,1,0,0,0,1,1,0,1,0,0,0,1,0,0,0,0,1,0,0,1,0,1,0,0,1,0,0,1,0,1,0,1,0,0,0,1,0,0,1,0,0,0,1,1,1,0,0,0,0,1,0,1,0,1,1,0,1,0,0,1,0,0,1,1,0,1,0,0,1,0,1,0
1048,57.0,9245,5,5,1994,1995,0.0,686,0,304,990,990,0,990,0,1,1,0,3,1,5,0,1996.0,2,672,0,0,0,0,2,2008,145000,1,0,0,0,1,0,0,0,1,1,0,0,1,1,1,0,0,0,0,0,0,0,0,0,1,1,1,0,0,1,0,1,0,1,0,0,0,1,0,0,0,0,1,0,0,1,0,0,1,0,1,0,0,1,0,1,0,1,0,0,0,1,0,0,1,0,0,0,1,1,1,0,0,0,0,1,0,0,1,1,0,0,0,0,1,0,0,1,1,1,0,1,0,0,1,0,1,0
895,64.0,7018,5,5,1979,1979,0.0,0,0,0,0,1535,0,1535,0,0,2,0,4,2,8,0,1979.0,2,400,0,0,0,0,6,2009,118858,0,0,0,0,1,0,0,1,0,1,0,0,1,1,0,0,0,0,0,0,0,0,0,0,1,1,0,0,0,1,0,1,0,1,0,0,1,0,0,0,0,1,0,0,0,1,0,0,1,0,1,0,0,0,0,0,0,0,0,0,0,0,0,0,0,0,0,0,0,1,0,0,1,0,0,1,0,0,1,1,0,0,1,0,0,0,0,1,1,1,0,1,0,0,1,0,0,0
707,70.04995836802665,115149,7,5,1971,2002,351.0,1219,0,424,1643,1824,0,1824,1,0,2,0,2,1,5,2,1971.0,2,739,380,48,0,0,6,2007,302000,1,0,0,0,1,0,0,0,0,1,0,1,0,0,0,0,0,0,0,0,0,0,0,0,1,1,1,0,0,1,0,1,0,1,0,0,1,0,0,0,0,1,0,0,0,0,1,0,1,0,1,0,1,0,0,1,0,1,0,1,0,0,0,0,1,0,0,0,1,1,0,0,1,0,0,1,0,1,0,1,0,1,1,0,0,0,0,1,1,1,0,1,0,0,1,0,1,0
1061,41.0,4920,8,5,2001,2001,0.0,616,0,722,1338,1338,0,1338,1,0,2,0,2,1,6,0,2001.0,2,582,0,0,170,0,4,2010,213500,0,0,0,1,1,0,0,1,1,1,0,0,1,1,0,0,0,0,0,0,0,0,0,0,1,1,0,1,0,1,0,1,0,1,0,0,0,0,0,0,0,0,0,0,0,1,0,1,0,0,1,0,0,1,0,1,0,1,0,0,1,0,0,0,1,0,0,0,1,1,1,0,0,0,0,1,0,1,0,1,0,0,1,0,0,1,0,0,1,1,0,1,0,0,1,0,1,0
459,70.04995836802665,5100,8,7,1925,1996,0.0,0,0,588,588,833,833,1666,0,0,1,0,3,1,7,1,1925.0,1,228,192,63,0,0,6,2008,161000,0,0,0,0,0,1,0,1,1,1,0,0,1,1,0,0,0,0,0,0,1,0,0,0,1,1,1,0,0,0,1,0,1,1,0,0,0,0,0,0,0,0,0,0,0,1,0,0,1,1,0,0,0,1,0,0,1,1,0,0,0,1,0,0,0,0,0,1,1,1,0,0,0,0,0,1,0,1,0,1,1,0,0,0,1,0,0,1,1,1,0,1,1,0,1,0,1,0
1110,107.0,11362,8,5,2004,2005,42.0,1039,0,797,1836,1836,0,1836,1,0,2,0,3,1,7,1,2004.0,3,862,125,185,0,0,3,2009,280000,1,0,0,0,1,0,1,0,1,1,0,0,1,1,0,0,0,0,0,1,0,0,0,0,1,1,1,0,0,1,0,1,0,1,0,1,0,0,0,0,1,0,0,0,0,0,1,1,0,0,1,0,0,1,1,0,0,1,0,0,1,0,0,0,1,0,0,0,1,1,1,0,0,0,0,1,0,1,0,1,1,0,1,0,0,1,0,0,1,1,0,1,0,0,1,0,1,0
1363,70.04995836802665,12513,4,4,1920,2007,0.0,0,0,715,715,1281,457,1738,0,0,2,0,4,1,7,1,1920.0,1,368,55,0,0,0,6,2009,104900,0,1,0,0,1,0,1,0,1,1,0,0,0,1,0,0,0,1,0,0,0,0,0,1,0,1,1,0,1,0,0,1,0,1,0,0,0,1,0,0,0,0,1,0,0,1,0,0,1,1,0,1,0,0,0,0,1,0,0,0,0,1,0,0,0,0,0,1,1,1,0,1,0,0,0,1,0,0,1,1,1,0,1,0,0,0,0,1,1,1,0,1,0,0,1,0,1,0
499,65.0,7800,5,7,1967,2004,89.0,450,0,414,864,899,0,899,0,0,1,0,3,1,5,0,1967.0,1,288,64,0,0,0,6,2009,130000,1,0,0,0,1,0,0,1,1,1,0,0,1,1,0,0,0,0,0,0,0,1,0,0,1,1,1,0,0,1,0,0,1,1,1,0,0,0,0,1,0,0,0,0,1,0,0,0,1,0,1,0,0,1,0,0,1,1,0,0,0,1,1,0,0,0,0,0,1,1,1,0,0,0,0,1,0,1,0,1,0,0,1,0,0,1,0,0,1,1,0,1,1,0,1,0,1,0
1042,70.04995836802665,9130,6,8,1966,2000,252.0,400,64,336,800,800,832,1632,0,1,1,1,4,1,7,0,1966.0,2,484,0,40,0,0,7,2008,173000,0,0,1,0,1,0,0,1,1,1,0,0,1,1,0,0,0,0,1,0,0,0,0,1,0,1,1,0,0,0,1,0,1,1,1,0,0,0,0,1,0,0,0,0,1,0,0,0,1,0,1,0,1,0,0,0,1,1,0,0,0,1,0,0,1,0,0,0,0,1,0,1,0,0,0,1,0,1,0,1,0,0,1,0,0,0,0,1,1,1,0,1,0,0,1,0,1,0
19,66.0,13695,5,5,2004,2004,0.0,646,0,468,1114,1114,0,1114,1,0,1,1,3,1,6,0,2004.0,2,576,0,102,0,0,6,2008,159000,1,0,0,0,1,0,0,1,1,1,0,0,1,1,0,0,0,0,0,0,0,0,0,0,0,1,1,0,0,1,0,1,0,1,0,0,0,1,0,0,0,0,1,0,0,1,0,0,1,0,1,0,0,1,0,0,1,1,0,0,0,1,0,0,1,0,0,0,1,1,1,0,0,0,0,1,0,1,0,1,0,0,0,0,1,0,0,1,1,1,0,1,0,0,1,0,1,0
1232,70.0,7728,5,6,1962,1962,120.0,803,0,303,1106,1190,0,1190,1,0,1,0,3,1,6,0,1962.0,2,540,0,18,0,0,5,2006,132500,0,0,0,0,1,0,0,1,1,1,0,0,1,1,0,0,0,1,0,0,0,0,0,0,1,1,0,0,0,0,0,0,1,1,0,0,0,0,1,0,0,0,0,1,1,0,0,0,1,0,1,0,1,0,0,0,1,1,1,0,0,0,1,0,0,0,0,0,1,1,0,0,1,0,0,1,0,0,1,1,0,0,1,0,0,0,0,1,1,1,0,1,0,0,1,0,1,0
1306,108.0,13173,9,5,2006,2007,300.0,1572,0,80,1652,1652,0,1652,1,0,2,0,2,1,6,2,2006.0,2,840,404,102,0,0,11,2009,325000,1,0,0,0,1,0,1,0,1,1,1,0,0,1,0,0,0,0,0,1,0,0,0,0,1,1,1,0,0,1,0,0,1,1,0,0,0,1,0,0,0,0,1,0,0,0,1,1,0,0,1,0,0,1,1,0,0,1,0,0,0,1,0,0,1,0,0,0,1,1,1,0,0,0,0,1,1,0,0,1,0,0,1,0,0,1,0,0,1,1,0,1,0,0,1,0,1,0
340,66.0,12400,6,7,1958,1998,176.0,585,0,630,1215,1215,0,1215,0,0,1,0,3,1,6,0,1958.0,1,297,0,0,0,234,6,2009,155000,1,0,0,0,1,0,1,0,1,1,0,0,1,1,0,0,0,1,0,0,0,0,0,1,0,1,1,0,0,1,0,0,1,1,0,0,0,0,1,0,0,0,0,1,1,0,0,0,1,0,1,0,1,0,0,0,1,0,0,0,0,1,0,0,0,0,1,0,1,1,0,0,1,0,1,0,0,0,1,1,0,0,1,0,0,0,0,1,1,1,0,1,0,0,1,0,1,0
567,77.0,11198,9,5,2005,2007,245.0,0,0,1122,1122,1134,1370,2504,0,0,2,1,4,1,11,1,2005.0,3,656,144,39,0,0,6,2008,325000,0,0,1,0,1,0,1,0,1,1,0,0,1,1,0,0,0,0,0,0,0,0,0,0,1,1,1,0,0,0,1,0,1,1,0,0,0,1,0,0,0,0,1,0,1,0,0,1,0,0,1,0,0,1,0,1,0,0,0,0,0,1,0,0,0,0,0,1,1,1,1,0,0,0,0,1,1,0,0,1,1,0,0,1,0,1,0,0,1,1,0,1,0,0,1,0,1,0
135,78.0,10335,5,6,1968,1993,0.0,570,0,891,1461,1721,0,1721,0,0,2,1,3,1,7,1,1968.0,2,440,0,96,180,0,7,2006,180000,1,0,0,0,1,0,1,0,1,1,0,0,1,1,0,0,0,0,0,0,0,1,0,0,1,1,1,0,0,1,0,1,0,1,0,0,1,0,0,0,0,1,0,0,0,1,0,0,1,0,1,0,1,0,0,0,1,1,0,0,0,1,0,0,0,0,1,0,1,1,0,1,0,0,0,1,0,0,1,0,0,1,1,0,0,0,1,0,1,1,0,1,1,0,1,0,1,0
82,32.0,4500,6,5,1998,1998,443.0,1201,0,36,1237,1337,0,1337,1,0,2,0,2,1,5,0,1998.0,2,405,0,199,0,0,3,2006,153500,0,0,0,1,0,1,0,1,1,1,0,0,0,1,0,0,0,0,0,0,0,0,0,0,1,1,0,1,0,1,0,0,1,1,0,0,0,1,0,0,0,0,1,0,1,0,0,0,1,1,0,0,0,1,1,0,0,0,0,0,0,1,0,0,1,0,0,0,1,1,1,0,0,0,0,1,0,0,1,1,0,0,1,0,0,1,0,0,1,1,0,1,0,0,1,0,1,0
1244,107.0,13891,10,5,2006,2006,103.68526170798899,1386,0,690,2076,2076,0,2076,1,0,2,1,2,1,7,1,2006.0,3,850,216,229,0,0,9,2006,465000,1,0,0,0,1,0,0,1,1,1,0,0,1,1,0,0,0,0,0,1,0,0,0,0,1,1,1,0,0,1,0,1,0,1,0,0,0,1,0,0,0,0,1,0,0,0,0,0,0,0,1,0,0,1,1,0,0,0,0,1,0,0,0,0,1,0,0,0,1,1,1,0,0,0,0,1,1,0,0,1,1,0,1,0,0,1,0,0,1,1,0,1,0,1,0,0,0,1
754,80.0,10240,8,5,2005,2005,178.0,0,0,1030,1030,1038,1060,2098,0,0,2,1,3,1,8,1,2005.0,3,878,192,52,0,0,3,2006,275500,0,0,1,0,1,0,0,1,1,1,0,0,1,1,0,0,0,0,0,1,0,0,0,0,1,1,1,0,0,0,1,1,0,1,0,0,0,1,0,0,0,0,1,0,1,0,0,1,0,0,1,0,0,1,0,1,0,1,0,0,1,0,0,0,0,0,0,1,1,1,0,1,0,0,0,1,1,0,0,1,1,0,1,0,0,0,1,0,1,1,0,1,0,0,1,0,1,0
918,70.04995836802665,17140,4,6,1956,1956,0.0,1059,0,75,1134,1229,0,1229,0,0,1,0,3,1,6,0,1956.0,1,284,0,0,0,0,4,2009,135000,1,0,0,0,1,0,0,1,1,1,0,0,1,1,0,1,0,0,0,0,0,0,0,0,1,1,1,0,0,1,0,1,0,1,0,0,0,1,0,0,0,0,1,0,0,1,0,0,1,0,1,0,1,0,0,0,1,1,0,0,0,1,1,0,0,0,0,0,1,1,1,0,0,0,1,0,0,0,1,1,0,0,1,0,0,0,1,0,1,1,0,1,0,0,1,0,1,0
1411,79.0,12420,7,5,2001,2001,0.0,666,0,278,944,944,896,1840,1,0,2,1,3,1,6,0,2001.0,2,622,0,45,0,0,6,2009,230000,0,0,1,0,1,0,0,1,1,1,0,0,1,1,1,0,0,0,0,0,0,0,0,0,1,1,1,0,0,0,1,1,0,1,0,0,0,1,0,0,0,0,1,0,0,1,0,1,0,0,1,0,0,1,0,1,0,1,0,0,0,1,0,0,1,0,0,0,1,1,1,0,0,0,0,1,0,1,0,1,0,0,1,0,0,0,1,0,1,1,0,1,0,0,1,0,1,0
169,62.0,8244,7,5,2004,2004,0.0,0,0,840,840,840,880,1720,0,0,2,1,3,1,7,1,2004.0,2,440,100,48,0,0,5,2007,183500,0,0,1,0,1,0,1,0,1,1,0,0,1,1,0,0,1,0,0,0,0,0,0,0,1,1,1,0,0,0,1,1,0,1,0,0,0,1,0,0,0,0,1,0,0,1,0,1,0,0,1,0,0,1,0,1,0,1,0,0,0,1,0,0,0,0,0,1,1,1,1,0,0,0,0,1,0,1,0,1,1,0,1,0,0,1,0,0,1,1,0,1,0,0,1,0,1,0
626,87.0,10000,6,6,1962,1962,261.0,0,0,1116,1116,1116,0,1116,0,0,1,1,3,1,5,0,1962.0,2,440,0,0,0,385,2,2010,160000,1,0,0,0,1,0,1,0,1,1,1,0,0,1,0,0,0,1,0,0,0,0,0,0,1,1,1,0,0,1,0,0,1,1,0,0,0,0,1,0,0,0,0,1,1,0,0,0,1,0,1,0,1,0,0,0,1,1,0,0,0,1,0,0,0,0,0,1,1,1,0,0,1,0,0,1,0,0,1,1,0,0,1,0,0,0,0,1,1,1,0,1,0,0,1,0,1,0
800,60.0,7200,5,7,1937,1950,252.0,569,0,162,731,981,787,1768,1,0,1,1,3,1,7,2,1939.0,1,240,0,0,264,0,6,2007,175000,0,1,0,0,1,0,0,1,1,1,1,0,0,1,0,0,0,0,0,0,0,0,0,1,0,1,1,0,1,0,0,1,0,1,0,0,0,0,1,0,0,0,0,1,1,0,0,0,1,0,1,1,0,0,0,1,0,1,0,0,0,1,1,0,0,0,0,0,1,1,1,0,0,0,0,1,0,1,0,1,0,1,0,0,1,0,0,1,1,1,0,1,1,0,1,0,1,0
397,60.0,7200,5,5,1972,1972,0.0,777,0,117,894,894,0,894,0,0,1,0,2,1,6,0,1985.0,2,600,215,0,0,0,9,2009,123000,1,0,0,0,1,0,0,1,0,1,0,0,1,1,1,0,0,0,0,0,0,0,0,0,1,1,1,0,0,1,0,0,1,1,0,1,0,0,0,0,1,0,0,0,0,1,0,0,1,0,1,0,1,0,0,0,1,1,1,0,0,0,0,0,0,0,1,0,1,1,0,0,1,0,0,1,0,0,1,1,0,0,0,0,1,0,1,0,1,1,0,1,0,0,1,0,1,0
1386,40.0,5436,4,8,1922,2007,0.0,735,0,61,796,796,358,1154,1,0,1,0,3,1,7,0,1922.0,1,240,0,96,0,0,5,2010,125500,0,1,0,0,0,1,0,1,1,1,0,0,1,1,0,0,0,0,0,0,0,0,0,0,1,1,1,0,1,0,0,1,0,1,0,0,0,1,0,0,0,0,1,0,0,1,0,0,1,1,0,1,0,0,0,0,1,1,0,0,0,1,0,1,0,0,0,0,1,1,0,1,0,0,0,1,0,1,0,1,0,0,0,0,1,0,0,1,1,1,1,0,1,0,1,0,1,0
104,94.0,10402,7,5,2009,2009,0.0,0,0,1226,1226,1226,0,1226,0,0,2,0,3,1,6,0,2009.0,3,740,0,36,0,0,5,2010,198900,1,0,0,0,1,0,1,0,1,1,1,0,0,1,1,0,0,0,0,0,0,0,0,0,1,1,1,0,0,1,0,1,0,1,0,0,0,1,0,0,0,0,1,0,0,1,0,0,1,0,1,0,0,1,0,1,0,1,0,0,0,1,0,0,0,0,0,1,1,1,1,0,0,0,0,1,0,1,0,1,0,0,1,0,0,0,1,0,1,1,0,1,0,0,1,0,1,0
1032,102.0,15863,7,3,1920,1970,0.0,523,0,301,824,1687,998,3082,1,0,2,1,5,1,12,2,1970.0,2,672,136,63,0,0,8,2009,197000,0,0,0,0,1,0,0,1,1,1,1,0,0,1,0,0,0,0,0,0,0,0,0,0,1,1,1,0,0,0,0,1,0,1,0,0,0,0,1,0,0,1,0,0,0,1,0,0,1,0,1,1,0,0,0,0,1,1,0,0,0,1,0,0,1,0,0,0,1,1,1,0,0,0,0,1,0,0,1,1,0,1,0,0,0,1,0,0,1,1,0,1,0,0,1,0,1,0
716,78.0,10140,6,5,1974,1974,174.0,0,0,1064,1064,1350,0,1350,0,0,2,0,3,1,7,1,1974.0,2,478,0,0,0,0,8,2009,165000,1,0,0,0,1,0,0,1,1,1,0,0,1,1,0,0,0,0,1,0,0,0,0,0,1,1,1,0,0,1,0,0,1,1,1,0,0,0,0,1,0,0,0,0,1,0,0,0,1,0,1,0,1,0,0,1,0,1,0,0,0,1,0,0,0,0,0,1,1,1,0,0,1,0,0,1,0,0,1,1,0,1,1,0,0,0,1,0,1,1,0,1,1,0,1,0,1,0
164,55.0,5500,4,6,1956,1956,0.0,0,0,882,882,882,0,882,0,0,1,0,1,1,4,0,1978.5061638868744,0,0,0,0,0,0,4,2007,103200,0,0,0,0,1,0,0,1,1,1,0,0,1,1,0,0,0,0,0,0,1,0,0,0,1,1,1,0,0,0,0,1,0,1,0,1,0,0,0,0,1,0,0,0,0,1,0,0,1,0,1,0,1,0,0,0,1,1,0,0,0,1,0,0,0,0,0,1,1,1,1,0,0,0,0,1,0,0,1,1,0,0,0,0,0,0,0,0,0,0,0,1,1,0,1,0,1,0
455,63.0,9297,5,5,1976,1976,0.0,1606,0,122,1728,1728,0,1728,2,0,2,0,4,2,8,0,1976.0,2,560,0,0,0,0,7,2006,188000,0,0,0,0,1,0,0,1,1,1,0,0,1,1,0,0,0,0,0,0,0,0,0,0,1,1,0,0,0,1,0,1,0,1,0,0,1,0,0,0,0,1,0,0,0,1,0,0,1,0,1,0,1,0,0,0,1,1,0,0,0,1,1,0,0,0,0,0,1,1,0,0,1,0,0,1,0,0,1,1,0,0,0,0,1,0,0,1,1,1,0,1,0,0,1,0,0,0
1347,70.04995836802665,20781,7,7,1968,2003,0.0,297,68,1203,1568,2156,0,2156,0,0,2,0,3,1,9,1,1968.0,2,508,0,80,0,0,6,2006,262500,1,0,0,0,1,0,0,0,1,1,0,1,0,1,0,0,0,0,1,0,0,0,0,0,0,1,1,0,0,1,0,0,1,1,0,0,0,0,0,1,0,0,0,0,0,1,0,0,1,0,1,0,1,0,0,0,1,1,0,0,0,1,0,1,0,0,0,0,0,1,0,0,1,0,0,1,0,0,1,1,1,0,1,0,0,0,1,0,0,1,0,1,0,0,1,0,1,0
1437,60.0,9000,4,6,1971,1971,0.0,616,0,248,864,864,0,864,0,0,1,0,3,1,5,0,1974.0,2,528,0,0,0,0,5,2007,120500,1,0,0,0,1,0,0,1,1,1,0,0,0,1,0,0,0,1,0,0,0,0,0,0,1,1,1,0,0,1,0,1,0,1,1,0,0,0,0,1,0,0,0,0,0,1,0,0,1,0,1,0,0,1,0,0,1,1,0,0,0,1,1,0,0,0,0,0,1,1,0,0,1,0,0,1,0,0,1,1,0,0,0,0,1,0,0,1,1,1,0,1,0,0,1,0,1,0
1012,75.0,9825,5,5,1965,1965,0.0,0,0,0,0,1664,0,1664,0,0,2,0,4,2,8,0,1978.5061638868744,0,0,0,0,0,0,5,2010,100000,0,0,0,0,1,0,0,1,1,1,0,0,1,1,0,1,0,0,0,0,0,0,0,0,1,1,0,0,0,1,0,0,1,1,0,0,0,0,0,0,0,0,0,0,0,1,0,0,1,0,1,0,1,0,0,0,0,0,0,0,0,0,0,0,0,0,0,0,0,1,0,0,1,1,0,1,0,0,1,1,0,0,0,0,0,0,0,0,0,0,0,1,0,0,1,0,1,0
651,65.0,8125,7,6,2007,2007,103.68526170798899,0,0,813,813,822,843,1665,0,0,2,1,3,1,7,0,2007.0,2,562,0,0,0,0,5,2008,205950,0,0,1,0,0,0,0,1,1,1,0,0,1,1,0,0,0,0,0,0,0,0,1,0,1,1,1,0,0,0,1,1,0,1,0,0,0,0,0,0,0,0,0,0,0,0,0,1,0,0,1,0,0,1,0,1,0,1,0,0,0,1,0,0,0,0,0,1,1,1,1,0,0,0,0,1,0,1,0,1,0,0,1,0,0,0,1,0,1,1,0,1,0,0,1,0,1,0
66,76.0,9591,8,5,2004,2005,344.0,0,0,1143,1143,1143,1330,2473,0,0,2,1,4,1,9,1,2004.0,3,852,192,151,0,0,10,2007,317000,0,0,1,0,1,0,0,1,1,1,0,0,1,1,0,0,0,0,0,1,0,0,0,0,1,1,1,0,0,0,1,1,0,1,0,0,0,1,0,0,0,0,1,0,1,0,0,1,0,0,1,0,0,1,1,0,0,1,1,0,0,0,0,0,0,0,0,1,1,1,1,0,0,0,0,1,0,1,0,1,1,0,0,1,0,0,1,0,1,1,0,1,0,0,1,0,1,0
1341,70.0,8294,4,5,1971,1971,0.0,0,0,858,858,872,0,872,0,0,1,0,3,1,5,0,1974.0,4,480,0,0,0,0,6,2007,123000,1,0,0,0,1,0,0,1,1,1,0,0,1,1,0,0,0,1,0,0,0,0,0,0,1,1,1,0,0,1,0,1,0,1,0,1,0,0,0,0,1,0,0,0,0,1,0,0,1,0,1,0,1,0,0,0,1,1,0,0,0,1,0,0,0,0,0,1,1,1,0,0,1,0,0,1,0,0,1,1,0,0,0,0,1,0,0,1,1,1,0,1,0,0,1,0,1,0
674,110.0,14442,6,7,1957,2004,106.0,1186,0,291,1477,1839,0,1839,1,0,2,0,3,1,7,2,1957.0,2,416,0,87,0,200,6,2007,257500,1,0,0,0,1,0,0,1,1,1,0,0,1,1,0,0,0,0,0,0,0,0,0,0,1,1,1,0,0,1,0,0,1,1,0,0,0,0,0,0,0,0,0,0,1,0,0,0,1,0,1,0,0,1,0,0,1,1,0,0,0,1,0,0,1,0,0,0,1,1,1,0,0,0,0,1,0,1,0,1,0,1,1,0,0,1,0,0,1,1,0,1,0,0,1,0,1,0
868,85.0,6970,4,5,1961,1961,0.0,932,0,108,1040,1120,0,1120,1,0,1,1,3,1,5,0,1961.0,2,544,168,0,0,0,5,2007,129000,1,0,0,0,1,0,0,1,1,1,1,0,0,1,0,0,0,0,0,0,0,1,0,1,0,1,1,0,0,1,0,1,0,1,0,0,0,1,0,0,0,0,1,0,0,1,0,0,1,0,1,0,1,0,0,0,1,1,0,0,0,1,1,0,0,0,0,0,1,1,0,0,1,0,0,1,0,0,0,1,0,0,1,0,0,0,1,0,1,1,0,1,0,0,1,0,1,0
326,50.0,5000,5,6,1941,1950,0.0,116,0,604,720,803,0,803,0,0,1,0,2,1,5,0,1941.0,2,360,0,0,244,0,12,2007,87000,0,0,0,0,0,1,0,1,1,1,0,0,1,1,0,0,0,0,0,0,0,0,0,0,0,1,1,0,0,0,0,1,0,1,0,1,0,0,0,0,1,0,0,0,0,1,0,0,1,0,1,0,1,0,0,0,1,1,1,0,0,0,0,1,0,0,0,0,1,1,0,0,0,1,0,0,0,0,1,1,0,0,0,0,1,0,0,1,1,1,0,1,0,0,1,0,1,0
805,75.0,9000,5,5,1954,1954,0.0,812,0,124,936,1128,0,1128,0,0,1,0,2,1,5,0,1954.0,1,286,0,0,0,0,6,2006,118000,1,0,0,0,1,0,0,1,1,1,0,0,1,1,0,0,0,1,0,0,0,0,0,0,1,1,1,0,0,1,0,1,0,1,0,0,0,0,1,0,0,0,0,1,0,1,0,0,1,0,1,0,1,0,0,0,1,1,0,0,0,1,0,0,0,1,0,0,1,1,0,0,1,0,0,1,0,0,1,0,0,0,1,0,0,0,0,1,1,1,0,1,0,0,1,0,0,0
200,76.0,9591,8,5,2004,2005,262.0,1088,0,625,1713,1713,0,1713,1,0,2,0,3,1,7,1,2004.0,3,856,0,26,0,170,1,2009,274900,1,0,0,0,1,0,0,1,1,1,0,0,1,1,0,0,0,0,0,1,0,0,0,0,1,1,1,0,0,1,0,0,1,1,0,0,0,1,0,0,0,0,1,0,1,0,0,1,0,0,1,0,0,1,1,0,0,1,1,0,0,0,0,0,1,0,0,0,1,1,1,0,0,0,0,1,1,0,0,1,1,0,1,0,0,1,0,0,1,1,0,1,0,0,1,0,1,0
437,40.0,4400,6,8,1920,1950,0.0,0,0,648,648,734,384,1118,0,0,1,0,2,1,6,0,1990.0,2,440,0,0,0,0,10,2006,116000,0,1,0,0,0,1,0,1,1,1,0,0,1,1,0,0,0,0,0,0,1,0,0,0,1,1,1,0,1,0,0,1,0,1,0,0,0,0,0,0,0,0,0,0,0,1,0,0,1,0,1,1,0,0,0,0,0,1,0,0,0,1,0,0,0,0,0,1,1,1,0,0,1,0,1,0,0,0,1,1,0,0,0,0,1,0,0,1,1,1,0,1,0,0,1,0,1,0
1340,120.0,9560,5,7,1972,1972,0.0,360,0,504,864,864,0,864,0,0,1,0,3,1,5,0,1972.0,1,288,0,0,0,0,6,2006,128500,1,0,0,0,1,0,1,0,1,1,1,0,0,1,1,0,0,0,0,0,0,0,0,0,1,1,1,0,0,1,0,0,1,1,0,1,0,0,0,0,1,0,0,0,0,1,0,0,1,1,0,0,1,0,0,0,1,1,0,0,1,0,0,0,0,0,1,0,1,1,1,0,0,0,0,1,0,0,1,1,0,0,1,0,0,0,1,0,1,1,0,1,0,0,1,0,1,0
1455,62.0,7500,7,5,2004,2005,0.0,410,0,811,1221,1221,0,1221,1,0,2,0,2,1,6,0,2004.0,2,400,0,113,0,0,10,2009,185000,1,0,0,0,0,0,0,1,1,1,0,0,1,1,0,0,0,0,0,0,0,0,1,0,1,1,1,0,0,1,0,1,0,1,0,0,0,1,0,0,0,0,1,0,0,1,0,1,0,0,1,0,0,1,0,1,0,1,0,0,0,1,0,0,1,0,0,0,1,1,1,0,0,0,0,1,0,1,0,1,0,0,1,0,0,0,1,0,1,1,0,1,0,0,1,0,1,0
787,60.0,10800,5,6,1915,1950,0.0,686,0,0,686,966,686,1652,1,0,2,0,4,1,7,0,1961.0,1,416,0,0,196,0,6,2010,139000,0,1,0,0,0,1,0,1,1,1,0,0,1,1,0,0,0,0,0,0,1,0,0,0,0,1,1,0,1,0,0,1,0,1,0,1,0,0,0,0,1,0,0,0,0,1,0,0,1,1,0,0,0,1,0,0,0,1,0,0,0,1,0,0,0,1,0,0,1,1,0,0,1,0,0,1,0,0,1,1,0,0,0,0,1,0,0,1,1,1,0,1,0,0,1,0,1,0
511,75.0,14559,5,7,1951,2000,70.0,650,180,178,1008,1363,0,1363,1,0,1,0,2,1,6,2,1951.0,1,288,324,42,0,168,6,2009,164900,1,0,0,0,1,0,0,1,1,1,0,0,1,1,0,0,0,1,0,0,0,0,0,0,1,1,1,0,0,1,0,0,1,1,0,0,0,0,1,0,0,0,0,1,0,0,0,1,0,0,1,0,1,0,0,0,1,1,0,0,0,1,0,1,0,0,0,0,0,1,1,0,0,0,0,1,0,0,1,0,0,1,0,0,0,0,0,1,1,1,0,1,0,0,1,0,1,0
983,43.0,3182,7,5,2007,2007,16.0,0,0,1266,1266,1266,0,1266,0,0,2,0,2,1,6,1,2007.0,2,388,100,16,0,0,3,2008,159895,1,0,0,0,1,0,0,1,1,1,0,0,1,1,0,0,0,0,0,0,0,0,0,0,1,1,1,0,0,1,0,1,0,1,0,0,0,1,0,0,0,0,1,0,1,0,0,1,0,0,1,0,0,1,0,1,0,1,1,0,0,0,0,0,0,0,0,1,1,1,1,0,0,0,0,1,0,1,0,1,1,0,1,0,0,1,0,0,1,1,0,1,0,0,1,0,1,0
862,75.0,11625,5,4,1965,1965,0.0,841,0,198,1039,1039,0,1039,1,0,1,1,3,1,6,0,1965.0,2,504,0,0,0,0,4,2010,131500,0,0,0,0,1,0,0,1,1,1,0,0,1,1,0,0,0,0,0,0,0,1,0,0,1,1,0,0,0,1,0,0,1,1,0,0,1,0,0,1,0,0,0,0,0,1,0,0,1,0,1,0,0,1,0,0,1,1,0,0,1,0,0,1,0,0,0,0,1,1,1,0,0,0,0,1,0,0,1,1,0,0,1,0,0,0,0,1,1,1,0,1,0,0,1,0,1,0
1360,129.0,16737,9,5,2004,2005,66.0,1447,0,533,1980,1980,0,1980,1,0,2,0,3,1,8,1,2004.0,3,770,194,45,0,0,9,2006,315000,1,0,0,0,1,0,0,1,1,1,0,0,0,1,0,0,0,0,0,1,0,0,0,0,1,1,1,0,0,1,0,0,1,1,0,0,0,1,0,0,0,0,1,0,1,0,0,1,0,0,1,0,0,1,1,0,0,1,1,0,0,0,0,0,1,0,0,0,1,1,1,0,0,0,0,1,1,0,0,1,1,0,1,0,0,1,0,0,1,1,0,1,0,0,1,0,1,0
297,75.0,13710,5,5,1950,1950,0.0,420,0,490,910,910,648,1558,0,0,1,1,4,1,6,0,1950.0,1,282,289,0,0,0,6,2007,152000,0,1,0,0,0,1,0,1,1,1,0,0,1,1,0,0,0,0,0,0,0,0,0,0,1,1,1,0,1,0,0,1,0,1,0,0,0,0,1,0,0,0,0,1,0,1,0,0,1,0,1,0,1,0,0,0,1,1,0,0,0,1,0,1,0,0,0,0,1,1,0,0,1,0,1,0,0,0,1,1,0,0,1,0,0,0,0,1,1,1,0,1,1,0,1,0,1,0
1339,95.0,13450,7,5,2002,2002,0.0,700,0,216,916,920,941,1861,1,0,2,1,3,1,8,0,2002.0,2,492,146,91,0,0,6,2006,200000,0,0,1,0,1,0,1,0,1,1,1,0,0,1,1,0,0,0,0,0,0,0,0,0,1,1,1,0,0,0,1,1,0,1,0,0,0,1,0,0,0,0,1,0,0,1,0,1,0,0,1,0,0,1,0,1,0,1,0,0,0,1,0,0,1,0,0,0,1,1,1,0,0,0,0,1,0,1,0,1,0,0,0,1,0,0,1,0,1,1,0,1,0,0,1,0,1,0
822,60.0,6000,4,4,1953,1953,0.0,0,0,936,936,936,0,936,0,0,1,0,2,1,4,0,1974.0,2,576,0,32,112,0,2,2009,93000,1,0,0,0,0,1,0,1,0,1,0,0,1,0,0,0,0,0,0,0,1,0,0,0,1,1,0,0,0,1,0,1,0,1,0,1,0,0,0,0,1,0,0,0,0,1,0,0,0,0,1,0,1,0,0,0,0,1,0,0,0,1,0,0,0,0,0,1,1,1,0,0,1,1,0,1,0,0,1,0,0,0,0,0,1,0,0,1,1,1,0,1,0,0,1,0,1,0
823,70.04995836802665,12394,7,5,2003,2003,0.0,0,0,847,847,847,886,1733,0,0,2,1,3,1,7,1,2003.0,2,433,100,48,0,0,10,2007,225000,0,0,1,0,1,0,1,0,1,1,1,0,0,1,0,0,1,0,0,0,0,0,0,0,1,1,1,0,0,0,1,1,0,1,0,0,0,1,0,0,0,0,1,0,0,1,0,1,0,0,1,0,0,1,0,1,0,1,0,1,0,0,0,0,0,0,0,1,1,1,1,0,0,0,0,1,0,1,0,1,1,0,0,1,0,1,0,0,1,1,0,1,0,0,1,0,0,0
712,66.0,8712,4,7,1900,1950,0.0,0,0,859,859,859,319,1178,0,0,1,0,2,1,7,0,1964.0,1,384,68,0,98,0,1,2010,102776,0,1,0,0,0,0,0,1,0,1,0,0,1,0,0,0,0,0,0,0,0,0,0,0,1,1,1,0,1,0,0,1,0,1,0,1,0,0,0,0,1,0,0,0,0,1,0,0,1,0,1,0,0,0,0,0,1,1,0,0,1,0,0,0,0,0,0,1,1,1,0,1,0,0,0,1,0,0,1,1,0,0,0,0,1,0,1,0,1,1,1,0,0,0,1,1,0,0
1281,67.0,9808,7,5,2002,2002,110.0,788,0,785,1573,1573,0,1573,1,0,2,0,3,1,6,0,2002.0,2,544,0,72,0,0,3,2009,227000,1,0,0,0,1,0,1,0,1,1,0,0,1,1,1,0,0,0,0,0,0,0,0,0,1,1,1,0,0,1,0,1,0,1,0,0,0,1,0,0,0,0,1,0,1,0,0,1,0,0,1,0,0,1,0,1,0,1,0,0,0,1,0,0,1,0,0,0,1,1,1,0,0,0,0,1,0,1,0,1,0,0,1,0,0,0,1,0,1,1,0,1,0,0,1,0,1,0
271,84.0,10728,8,5,2006,2006,0.0,0,0,1095,1095,1095,844,1939,0,0,2,1,3,1,8,1,2006.0,3,1053,192,51,0,0,8,2006,266000,0,0,1,0,0,0,0,1,1,1,0,0,1,1,0,0,0,0,0,0,0,0,1,0,1,1,1,0,0,0,1,1,0,1,0,0,0,1,0,0,0,0,1,0,0,1,0,1,0,0,1,0,0,1,0,1,0,1,0,0,1,0,0,0,0,0,0,1,1,1,0,1,0,0,0,1,0,1,0,1,1,0,1,0,0,0,1,0,1,1,0,1,0,1,0,0,0,1
286,35.0,4251,7,5,2006,2007,0.0,0,0,625,625,625,625,1250,0,0,2,1,2,1,5,0,2006.0,2,528,0,54,0,0,6,2007,164700,0,0,0,0,0,0,1,0,1,1,0,0,1,1,0,0,0,0,0,0,0,0,1,0,1,1,0,1,0,0,1,1,0,1,0,1,0,0,0,0,1,0,0,0,0,1,0,1,0,0,1,0,0,1,0,1,0,1,0,0,0,1,0,0,0,0,0,1,1,1,1,0,0,0,0,1,0,1,0,1,0,0,0,0,1,0,1,0,1,1,0,1,0,1,0,0,0,1
1081,80.0,11040,6,7,1971,2004,144.0,656,0,602,1258,1258,0,1258,0,1,2,0,3,1,5,0,1971.0,2,528,55,0,0,0,10,2008,145000,1,0,0,0,1,0,0,1,1,1,0,0,1,1,0,0,0,0,1,0,0,0,0,0,1,1,1,0,0,1,0,1,0,1,0,0,0,1,0,0,0,0,1,0,1,0,0,1,0,1,0,0,1,0,0,0,1,1,0,0,0,1,1,0,0,0,0,0,1,1,1,0,0,0,0,1,0,1,0,1,0,0,1,0,0,0,1,0,1,1,0,1,0,0,0,1,0,0
1226,65.0,10482,6,8,1958,1958,63.0,507,0,81,588,1138,0,1138,0,1,1,0,3,1,6,0,1958.0,1,264,224,0,0,0,6,2007,145000,0,0,0,0,1,0,0,1,1,1,0,0,1,1,0,0,0,1,0,0,0,0,0,0,1,1,1,0,0,0,0,0,1,1,0,0,0,1,0,0,0,0,1,0,1,0,0,0,1,1,0,0,1,0,0,0,1,1,1,0,0,0,0,0,1,0,0,0,1,1,1,0,0,0,0,1,0,0,1,1,0,0,1,0,0,0,1,0,1,1,0,1,0,0,1,0,1,0
434,100.0,10839,6,5,1997,1998,0.0,0,0,926,926,926,678,1604,0,0,2,1,3,1,7,1,1997.0,2,470,0,36,0,0,7,2008,181000,0,0,1,0,1,0,1,0,1,1,1,0,0,1,0,0,1,0,0,0,0,0,0,0,1,1,1,0,0,0,1,1,0,1,0,0,0,1,0,0,0,0,1,0,0,1,0,0,1,0,1,0,0,1,0,1,0,1,0,0,0,1,0,0,0,0,0,1,1,1,1,0,0,0,0,1,0,0,1,1,0,1,1,0,0,1,0,0,1,1,0,1,0,0,1,0,1,0
605,88.0,12803,7,5,2002,2002,99.0,922,0,572,1494,1494,0,1494,1,0,2,0,3,1,6,1,2002.0,2,530,192,36,0,0,9,2008,221000,1,0,0,0,1,0,1,0,1,1,0,0,1,1,1,0,0,0,0,0,0,0,0,0,1,1,1,0,0,1,0,1,0,1,0,0,0,1,0,0,0,0,1,0,1,0,0,1,0,0,1,0,0,1,0,1,0,1,0,0,1,0,0,0,1,0,0,0,1,1,1,0,0,0,0,1,0,1,0,1,0,1,1,0,0,0,1,0,1,1,0,1,0,0,1,0,1,0
704,76.0,7630,5,9,1900,1996,0.0,0,0,360,360,1032,780,1812,0,0,2,0,4,2,8,1,1999.0,2,672,344,0,40,0,5,2010,140000,0,0,0,0,0,1,0,1,1,1,0,0,1,1,0,0,0,0,0,0,1,0,0,1,0,1,0,0,0,0,1,1,0,1,0,0,0,0,1,0,0,0,0,1,0,1,0,0,1,1,0,1,0,0,0,1,0,1,0,0,0,1,0,0,0,0,0,1,1,1,0,1,0,0,0,1,0,1,0,1,0,0,0,0,1,0,0,1,1,1,1,0,1,0,1,0,1,0
1002,60.0,5400,5,6,1920,1950,0.0,0,0,691,691,691,0,691,0,0,1,0,2,1,4,0,1920.0,1,216,0,20,94,0,1,2007,86000,0,0,0,0,1,0,0,1,1,1,1,0,0,1,0,0,0,0,0,0,1,0,0,0,1,1,1,0,0,1,0,1,0,1,0,0,0,0,1,0,0,0,0,1,0,1,0,0,1,0,1,1,0,0,0,0,0,1,0,0,0,1,0,0,0,0,0,1,1,1,1,0,0,0,1,0,1,0,0,1,0,0,0,0,1,0,0,1,0,1,1,0,0,0,1,1,0,0
1400,51.0,6171,6,6,1925,1990,0.0,264,0,712,976,1160,448,1608,0,0,2,1,3,1,7,1,1925.0,1,216,147,16,0,0,10,2009,137450,0,1,0,0,1,0,0,1,1,1,0,0,1,1,0,0,0,0,0,0,0,0,0,0,1,1,1,0,1,0,0,1,0,1,0,0,0,0,0,0,0,0,0,0,0,1,0,0,1,0,1,1,0,0,0,0,1,1,0,0,0,1,0,1,0,0,0,0,1,1,1,0,0,0,0,1,0,1,0,1,1,0,0,0,1,0,0,1,0,1,0,1,1,0,1,0,1,0
788,76.0,10142,7,5,2004,2004,0.0,656,0,300,956,956,1128,2084,1,0,2,1,4,1,8,0,2004.0,2,618,0,45,0,0,1,2010,233000,0,0,1,0,1,0,1,0,1,1,0,0,1,1,0,0,0,0,0,0,0,0,0,0,1,1,1,0,0,0,1,1,0,1,0,0,0,1,0,0,0,0,1,0,0,1,0,1,0,0,1,0,0,1,0,1,0,1,0,0,0,1,0,0,1,0,0,0,1,1,1,0,0,0,0,1,0,1,0,1,0,0,0,1,0,0,1,0,1,1,0,1,0,0,1,0,1,0
418,86.0,22420,6,6,1918,1950,0.0,1128,0,242,1370,1370,1254,2624,1,0,2,1,4,1,10,1,1918.0,3,864,0,0,0,0,11,2007,239000,0,0,0,0,1,0,1,0,1,1,0,0,1,1,0,0,0,0,0,0,0,0,0,1,0,1,1,0,0,0,1,0,1,1,0,0,0,0,1,0,0,0,0,0,0,1,0,0,1,0,1,1,0,0,0,1,0,1,0,0,0,1,0,1,0,0,0,0,1,0,0,0,1,1,1,0,0,0,1,1,1,0,0,0,1,0,0,1,1,1,1,0,0,0,1,0,1,0
879,88.0,11782,5,7,1961,1995,0.0,899,0,210,1109,1155,0,1155,1,0,1,0,3,1,6,0,1987.0,2,576,192,0,0,0,6,2010,148000,0,0,0,0,1,0,1,0,1,1,0,0,1,1,0,0,0,0,0,0,0,1,0,0,1,1,1,0,0,0,0,1,0,1,1,0,0,0,0,1,0,0,0,0,0,1,0,0,1,0,1,0,1,0,0,0,1,1,1,0,0,0,1,0,0,0,0,0,1,1,0,0,1,0,0,1,0,1,0,0,0,0,0,0,1,0,0,1,1,1,0,1,1,0,1,0,1,0
1345,85.0,11103,7,5,2006,2006,0.0,0,0,728,728,728,728,1456,0,0,2,1,3,1,8,1,2006.0,2,440,0,0,0,0,7,2007,155835,0,0,1,0,1,0,1,0,1,1,1,0,0,1,1,0,0,0,0,0,0,0,0,0,1,1,1,0,0,0,1,1,0,1,0,0,0,1,0,0,0,0,1,0,0,1,0,1,0,0,1,0,0,1,0,1,0,1,0,0,0,1,0,0,0,0,0,1,1,1,1,0,0,0,0,1,0,1,0,1,0,1,1,0,0,1,0,0,1,1,0,1,0,1,0,0,0,1
876,75.0,9000,8,5,2007,2007,0.0,64,0,1120,1184,1184,1426,2610,0,0,2,1,4,1,11,1,2007.0,2,550,208,364,0,0,8,2007,303477,0,0,1,0,0,0,0,1,1,1,0,0,1,1,0,0,0,0,0,0,0,0,1,0,1,1,1,0,0,0,1,1,0,1,0,0,0,0,0,0,0,0,0,0,0,1,0,1,0,0,1,0,0,1,0,1,0,1,1,0,0,0,0,0,1,0,0,0,1,1,1,0,0,0,0,1,1,0,0,1,1,0,0,1,0,1,0,0,1,1,0,1,0,1,0,0,0,1
1093,60.0,8400,6,5,1925,1950,0.0,423,0,758,1181,1390,304,1694,0,0,2,0,4,1,7,1,1925.0,2,576,342,0,128,0,6,2008,136500,0,1,0,0,1,0,0,1,0,1,0,0,1,1,0,0,0,0,0,0,0,0,0,0,1,1,1,0,1,0,0,1,0,1,0,1,0,0,0,0,1,0,0,0,0,1,0,0,1,0,1,0,0,1,0,0,1,1,0,0,0,1,0,0,0,0,1,0,1,1,0,0,0,0,0,1,0,0,1,1,1,0,0,0,1,0,0,1,1,1,0,1,0,0,1,0,1,0
412,100.0,34650,5,5,1955,1955,0.0,1056,0,0,1056,1056,0,1056,1,0,1,0,3,1,5,0,1955.0,2,572,264,0,0,0,1,2006,145000,0,0,0,0,1,0,0,1,0,1,0,0,1,1,0,0,1,0,0,0,0,0,0,0,1,1,0,0,0,1,0,0,1,1,0,0,0,0,1,0,0,0,0,1,0,1,0,0,1,0,1,0,1,0,0,0,1,1,0,0,1,0,0,0,0,0,1,0,1,1,0,0,1,1,0,1,0,0,1,1,0,0,1,0,0,1,0,0,1,1,0,1,0,0,1,0,1,0
530,70.04995836802665,32668,6,3,1957,1975,103.68526170798899,1219,0,816,2035,2515,0,2515,1,0,3,0,4,2,9,2,1975.0,2,484,0,0,200,0,3,2007,200624,1,0,0,0,1,0,1,0,1,1,0,1,0,1,0,0,0,0,0,0,0,0,0,0,1,1,1,0,0,1,0,0,1,1,0,0,0,0,1,0,0,0,0,0,0,0,0,1,0,0,1,0,0,1,0,0,1,1,0,0,0,1,0,0,0,0,1,0,1,1,0,0,1,0,0,1,0,0,1,0,0,1,1,0,0,0,1,0,1,1,0,1,0,0,1,0,0,0
419,60.0,8160,5,6,1940,1950,0.0,312,0,444,756,756,378,1134,1,0,1,1,3,1,7,0,1940.0,1,240,0,0,0,0,4,2007,126000,0,1,0,0,1,0,0,1,1,1,0,0,1,1,0,1,0,0,0,0,0,0,0,0,1,1,1,0,1,0,0,1,0,1,0,1,0,0,0,0,1,0,0,0,0,1,0,0,1,0,1,1,0,0,0,0,1,1,0,0,0,1,1,0,0,0,0,0,1,1,0,0,0,1,0,0,0,0,1,1,0,0,0,0,1,0,0,1,1,1,0,0,0,0,1,0,0,0
92,85.0,8500,5,3,1961,1961,203.0,600,0,635,1235,1235,0,1235,0,0,1,0,2,1,6,0,1961.0,2,480,0,0,0,0,12,2006,98600,1,0,0,0,1,0,0,1,1,1,0,0,1,1,0,0,0,1,0,0,0,0,0,0,1,1,1,0,0,1,0,0,1,1,1,0,0,0,0,1,0,0,0,0,0,0,0,0,1,0,1,0,1,0,0,0,1,1,0,0,0,1,0,0,0,0,1,0,1,1,0,0,1,0,0,1,0,0,1,1,0,0,1,0,0,0,0,1,1,1,0,1,0,0,1,1,0,0
794,76.0,9158,8,5,2007,2007,140.0,0,0,1496,1496,1496,0,1496,0,0,2,0,3,1,7,0,2007.0,2,474,168,130,0,0,6,2007,225000,1,0,0,0,1,0,0,1,1,1,0,0,1,1,0,0,0,0,0,0,0,0,1,0,1,1,1,0,0,1,0,1,0,1,0,0,0,0,0,0,0,0,0,0,0,0,1,1,0,0,1,0,0,1,0,1,0,1,1,0,0,0,0,0,0,0,0,1,1,1,1,0,0,0,0,1,0,1,0,1,0,0,1,0,0,1,0,0,1,1,0,1,0,1,0,0,0,1
59,66.0,13682,10,5,2006,2006,1031.0,0,0,1410,1410,1426,1519,2945,0,0,3,1,3,1,10,1,2006.0,3,641,192,0,37,0,10,2006,438780,0,0,1,0,1,0,0,0,0,1,0,1,0,1,0,0,0,0,0,0,0,0,0,0,1,1,1,0,0,0,1,0,1,1,0,0,0,1,0,0,0,0,1,0,1,0,0,0,0,0,1,0,0,1,1,0,0,1,0,1,0,0,0,0,0,0,0,1,1,1,1,0,0,0,0,1,0,1,0,1,1,0,0,1,0,1,0,0,1,1,0,1,0,1,0,0,0,1
581,70.04995836802665,14585,6,6,1960,1987,85.0,594,219,331,1144,1429,0,1429,0,1,1,0,3,1,7,2,1960.0,2,572,216,110,0,0,6,2007,181900,1,0,0,0,1,0,1,0,1,1,0,1,0,1,0,0,0,1,0,0,0,0,0,0,1,1,1,0,0,1,0,1,0,1,0,0,0,0,1,0,0,0,0,1,1,0,0,0,1,0,1,0,1,0,0,0,1,1,0,0,0,1,0,1,0,0,0,0,0,1,1,0,0,0,0,1,0,1,0,1,1,0,1,0,0,0,0,1,1,1,0,1,0,0,1,0,1,0
1258,56.0,4060,5,8,1922,1950,0.0,0,0,864,864,864,0,864,0,0,1,0,2,1,4,0,1978.5061638868744,0,0,0,96,0,0,7,2009,99900,0,0,0,0,1,0,0,1,1,1,1,0,0,1,0,1,0,0,0,0,0,0,0,1,0,1,1,0,0,1,0,1,0,1,0,0,0,0,1,0,0,0,0,1,0,1,0,0,1,0,1,0,0,1,0,0,0,1,0,0,0,1,0,0,0,0,0,1,1,1,1,0,0,0,0,1,0,0,1,1,0,0,0,0,0,0,0,0,0,0,0,1,0,0,1,0,1,0
555,85.0,10625,7,5,2003,2004,292.0,866,0,132,998,1006,1040,2046,1,0,2,1,3,1,8,1,2003.0,3,871,320,62,0,0,8,2008,284000,0,0,1,0,1,0,0,1,1,1,0,0,1,1,0,0,0,0,0,1,0,0,0,0,1,1,1,0,0,0,1,1,0,1,0,0,0,1,0,0,0,0,1,0,1,0,0,1,0,0,1,0,0,1,0,1,0,1,0,0,0,1,0,0,1,0,0,0,1,1,1,0,0,0,0,1,0,1,0,1,1,0,0,1,0,0,1,0,1,1,0,1,0,0,1,0,1,0
51,70.04995836802665,13869,6,6,1997,1997,0.0,182,0,612,794,794,676,1470,0,1,2,0,3,1,6,0,1997.0,2,388,0,75,0,0,7,2007,177000,0,0,1,0,1,0,0,0,1,1,1,0,0,1,0,0,1,0,0,0,0,0,0,0,1,1,1,0,0,0,1,1,0,1,0,0,0,1,0,0,0,0,1,0,0,1,0,0,1,0,1,0,0,1,0,1,0,1,1,0,0,0,0,0,1,0,0,0,1,1,0,1,0,0,0,1,0,0,1,1,0,0,1,0,0,1,0,0,1,1,0,1,0,0,1,0,1,0
399,60.0,8967,5,2,1920,1950,0.0,0,0,961,961,1077,0,1077,0,0,1,0,2,1,6,0,1920.0,1,338,0,0,0,0,11,2007,67000,0,0,0,0,0,1,0,1,1,1,1,0,0,1,0,0,0,0,0,0,0,0,0,0,1,1,1,0,0,1,0,1,0,1,0,1,0,0,0,0,1,0,0,0,0,1,0,0,1,0,0,1,0,0,0,0,0,0,0,0,0,1,0,0,0,0,0,1,1,1,0,1,0,0,0,0,0,0,1,0,0,0,0,0,1,0,0,1,0,0,1,0,0,0,1,1,0,0
1098,70.04995836802665,3696,8,5,1986,1986,0.0,0,0,1074,1074,1088,0,1088,0,0,1,1,2,1,5,0,1987.0,2,461,0,74,137,0,10,2007,170000,0,0,0,1,1,0,0,1,1,1,0,0,1,1,0,0,0,0,0,0,0,0,0,0,1,1,0,1,0,1,0,1,0,1,1,0,0,0,0,1,0,0,0,0,0,1,0,1,0,0,1,0,1,0,0,1,0,1,0,0,0,1,0,0,0,0,0,1,1,1,1,0,0,0,0,1,0,1,0,1,0,0,1,0,0,0,1,0,1,1,0,1,0,0,1,0,1,0
785,35.0,6300,6,6,1914,2001,0.0,0,0,742,742,742,742,1484,0,0,2,0,3,1,9,1,1978.5061638868744,0,0,0,291,134,0,6,2008,128000,0,0,0,0,0,1,0,1,1,1,0,0,1,1,0,0,0,0,0,0,1,0,0,0,1,1,1,0,0,0,0,1,0,1,0,0,0,0,1,0,0,0,0,0,0,1,0,0,1,0,1,0,1,0,0,0,1,1,0,0,0,1,0,0,0,0,0,1,1,1,1,0,0,0,0,1,0,0,1,1,1,0,0,0,0,0,0,0,0,0,0,1,0,0,1,0,1,0
780,78.0,10530,6,5,1977,1977,90.0,975,0,0,975,1004,0,1004,1,0,1,0,2,1,4,0,1977.0,2,504,0,0,0,0,5,2006,135000,0,0,0,0,1,0,0,1,1,1,0,0,1,1,0,0,0,0,0,0,0,0,0,0,1,1,0,0,0,0,0,1,0,1,0,0,1,0,0,0,0,0,0,0,1,0,0,0,1,0,1,0,1,0,0,1,0,1,0,1,0,0,0,0,1,0,0,0,1,1,0,0,1,0,0,1,0,0,1,1,0,0,1,0,0,0,0,1,1,1,0,1,0,0,1,0,1,0
338,70.0,9135,7,5,2002,2003,113.0,810,0,726,1536,1536,0,1536,1,0,2,0,3,1,7,0,2002.0,2,532,192,74,0,0,12,2008,214000,1,0,0,0,1,0,0,1,1,1,0,0,1,1,1,0,0,0,0,0,0,0,0,0,1,1,1,0,0,1,0,1,0,1,0,0,0,1,0,0,0,0,1,0,1,0,0,1,0,0,1,0,0,1,0,1,0,1,1,0,0,0,0,0,1,0,0,0,1,1,1,0,0,0,0,1,0,1,0,1,0,0,1,0,0,0,1,0,1,1,0,1,0,0,1,0,1,0
622,90.0,10800,6,7,1974,1997,0.0,956,182,384,1522,1548,1066,2614,0,0,2,1,4,1,9,1,1974.0,2,624,38,243,0,0,6,2008,240000,0,0,1,0,1,0,0,1,1,1,0,0,1,1,0,0,0,0,1,0,0,0,0,0,1,1,1,0,0,0,1,1,0,1,1,0,0,0,0,1,0,0,0,0,0,1,0,0,1,0,1,0,1,0,0,0,1,1,0,0,0,1,1,0,0,0,0,0,0,1,0,0,1,0,0,1,0,0,1,1,0,1,1,0,0,0,1,0,1,1,0,1,0,0,1,0,1,0
280,83.0,10005,7,5,1977,1977,299.0,392,0,768,1160,1156,866,2022,0,0,2,1,4,1,8,1,1977.0,2,505,288,117,0,0,3,2008,192000,0,0,1,0,1,0,0,1,1,1,0,0,1,1,0,0,0,0,0,0,0,0,0,0,1,1,1,0,0,0,1,0,1,1,0,0,1,0,0,0,0,1,0,0,1,0,0,0,1,0,1,0,1,0,0,1,0,1,0,0,0,1,0,1,0,0,0,0,1,1,1,0,0,0,0,1,0,0,1,1,0,1,1,0,0,1,0,0,1,1,0,1,0,0,1,0,1,0
167,70.04995836802665,10708,5,5,1955,1993,0.0,379,768,470,1617,1867,0,1867,1,0,1,0,2,1,7,3,1955.0,1,303,476,0,0,142,11,2009,190000,1,0,0,0,1,0,1,0,1,1,0,0,1,1,0,0,0,0,0,0,0,0,0,0,1,1,1,0,0,1,0,0,1,1,0,0,0,0,1,0,0,0,0,1,0,1,0,1,0,0,1,0,1,0,0,0,1,1,0,0,0,1,0,0,0,1,0,0,0,1,1,0,0,0,1,0,0,0,1,1,1,0,1,0,0,1,0,0,1,1,0,1,0,0,0,0,1,0
752,70.04995836802665,7750,7,5,2003,2003,0.0,0,0,660,660,660,660,1320,0,0,2,1,3,1,6,0,2003.0,2,400,0,48,0,0,8,2007,162000,0,0,1,0,1,0,0,1,1,1,0,0,1,1,0,0,1,0,0,0,0,0,0,0,0,1,1,0,0,0,1,1,0,1,0,0,0,1,0,0,0,0,1,0,0,1,0,1,0,0,1,0,0,1,0,1,0,1,0,0,0,1,0,0,0,0,0,1,1,1,1,0,0,0,0,1,0,1,0,1,0,0,1,0,0,1,0,0,1,1,0,1,0,0,1,0,1,0
1000,64.0,6762,7,5,2006,2006,24.0,686,0,501,1187,1208,0,1208,1,0,2,0,2,1,6,0,2006.0,2,632,105,61,0,0,2,2010,206000,1,0,0,0,1,0,0,1,1,1,0,0,1,1,1,0,0,0,0,0,0,0,0,0,1,1,1,0,0,1,0,1,0,1,0,0,0,1,0,0,0,0,1,0,0,0,1,1,0,0,1,0,0,1,0,1,0,1,1,0,0,0,0,0,1,0,0,0,1,1,1,0,0,0,0,1,0,1,0,1,0,0,1,0,0,0,1,0,1,1,0,1,0,0,1,0,1,0
653,70.0,8750,7,5,1996,1996,0.0,0,0,880,880,909,807,1716,0,0,2,1,2,1,7,1,1996.0,2,512,0,120,0,0,7,2009,191000,0,0,1,0,1,0,0,1,1,1,0,0,1,1,1,0,0,0,0,0,0,0,0,0,1,1,1,0,0,0,1,1,0,1,0,0,0,1,0,0,0,0,1,0,0,1,0,1,0,0,1,0,0,1,0,1,0,1,0,0,0,1,0,0,0,0,0,1,1,1,1,0,0,0,0,1,0,1,0,1,0,1,1,0,0,0,1,0,1,1,0,1,0,0,1,0,1,0
863,81.0,9672,6,5,1984,1985,0.0,338,0,702,1040,1097,0,1097,0,0,2,0,3,1,6,0,1986.0,2,480,0,0,0,0,5,2010,152000,1,0,0,0,1,0,0,1,1,1,1,0,0,1,0,0,0,0,0,0,0,0,0,0,1,1,1,0,0,1,0,0,1,1,1,0,0,0,0,0,0,1,0,0,0,1,0,0,1,0,1,0,0,1,0,1,0,1,0,0,0,1,0,0,1,0,0,0,1,1,0,0,1,0,0,1,0,0,1,1,0,0,1,0,0,0,0,1,1,1,0,1,0,0,1,0,1,0
899,100.0,12919,9,5,2009,2010,760.0,2188,0,142,2330,2364,0,2364,1,0,2,1,2,1,11,2,2009.0,3,820,0,67,0,0,3,2010,611657,1,0,0,0,1,0,1,0,1,1,0,0,1,1,0,0,0,0,0,1,0,0,0,0,1,1,1,0,0,1,0,0,1,1,0,0,0,1,0,0,0,0,1,0,0,0,1,0,0,0,1,0,0,1,1,0,0,1,0,1,0,0,0,0,1,0,0,0,1,1,1,0,0,0,0,1,1,0,0,1,1,0,1,0,0,1,0,0,1,1,0,1,0,1,0,0,0,1
982,98.0,12203,8,5,1998,1999,975.0,854,0,371,1225,1276,1336,2612,1,0,2,1,4,1,8,1,1998.0,3,676,250,0,0,0,7,2009,336000,0,0,1,0,1,0,1,0,1,1,1,0,0,1,0,0,0,0,0,0,0,0,0,0,1,1,1,0,0,0,1,0,1,1,0,0,0,1,0,0,0,0,1,0,1,0,0,1,0,0,1,0,0,1,0,1,0,1,0,0,0,1,0,0,1,0,0,0,1,1,1,0,0,0,0,1,0,1,0,1,0,1,1,0,0,1,0,0,1,1,0,1,0,0,1,0,1,0
435,21.0,1890,4,7,1972,1972,0.0,495,0,135,630,630,0,630,1,0,1,0,1,1,3,0,1978.5061638868744,0,0,88,0,0,0,6,2008,81000,0,0,0,0,0,1,0,1,1,1,0,0,1,1,0,0,0,0,0,0,0,0,0,0,1,1,0,0,0,0,0,1,0,1,0,0,0,0,0,0,0,0,0,0,0,1,0,0,1,1,0,0,1,0,0,1,0,1,1,0,0,0,1,0,0,0,0,0,1,1,0,1,0,0,0,1,0,0,1,1,0,0,0,0,0,0,0,0,0,0,0,1,0,0,1,0,1,0
954,70.04995836802665,11075,5,4,1969,1969,232.0,562,193,29,784,1168,800,1968,0,1,2,1,4,1,7,1,1969.0,2,530,305,189,0,0,9,2008,172000,0,0,1,0,1,0,1,0,1,1,0,0,1,0,0,0,0,0,0,0,0,0,0,0,1,1,1,0,0,0,1,1,0,1,1,0,0,0,0,1,0,0,0,0,1,0,0,0,1,0,1,0,1,0,0,0,1,1,1,0,0,0,1,0,0,0,0,0,0,1,1,0,0,0,0,1,0,0,1,0,0,0,1,0,0,0,1,0,1,1,0,1,1,0,1,0,1,0
276,55.0,7264,7,7,1925,2007,0.0,0,0,952,952,952,596,1548,0,0,2,1,3,1,5,0,1978.0,2,672,74,0,0,144,10,2009,205000,0,1,0,0,1,0,0,1,1,1,0,0,1,1,0,0,0,0,0,0,0,0,0,0,1,1,1,0,1,0,0,1,0,1,0,0,0,0,1,0,0,0,0,1,0,1,0,1,0,1,0,1,0,0,0,0,1,1,0,0,0,1,0,0,0,0,0,1,1,0,0,1,0,1,0,1,1,0,0,1,0,0,0,0,1,0,0,1,1,1,0,1,0,0,1,0,1,0
1440,80.0,11584,7,6,1979,1979,96.0,315,110,114,539,1040,685,1725,0,0,2,1,3,1,6,1,1979.0,2,550,0,88,216,0,11,2007,197000,0,0,1,0,1,0,0,1,1,1,0,0,1,1,0,0,0,0,1,0,0,0,0,0,1,1,1,0,0,0,0,0,1,1,1,0,0,0,0,1,0,0,0,0,1,0,0,0,1,0,1,0,1,0,0,0,1,1,0,0,0,1,0,0,1,0,0,0,0,1,0,0,1,0,0,1,0,0,1,1,0,1,1,0,0,0,1,0,1,1,0,1,0,0,1,0,1,0
1129,59.0,11796,7,5,2004,2005,0.0,0,0,847,847,847,1112,1959,0,0,2,1,4,1,8,1,2004.0,2,434,100,48,0,0,7,2007,215000,0,0,1,0,1,0,1,0,1,1,0,0,1,1,0,0,1,0,0,0,0,0,0,0,1,1,1,0,0,0,1,1,0,1,0,0,0,1,0,0,0,0,1,0,0,1,0,1,0,0,1,0,0,1,0,1,0,1,1,0,0,0,0,0,0,0,0,1,1,1,1,0,0,0,0,1,0,1,0,1,1,0,0,1,0,1,0,0,1,1,0,1,0,0,1,0,1,0
635,64.0,6979,6,5,1980,1980,0.0,1056,0,0,1056,1056,0,1056,2,0,0,0,0,2,4,0,1980.0,2,576,264,56,0,0,6,2010,144000,0,0,0,0,1,0,0,1,1,1,0,0,1,1,0,0,0,0,0,0,1,0,0,0,1,1,0,0,0,0,0,1,0,1,0,0,1,0,0,0,0,1,0,0,0,1,0,0,1,0,1,0,1,0,0,0,1,1,0,0,0,1,0,0,1,0,0,0,1,1,0,1,0,0,0,1,0,0,1,1,0,0,0,0,1,0,0,1,1,1,0,1,0,0,1,0,1,0
1327,70.0,4270,3,6,1931,2006,0.0,544,0,0,544,774,0,774,0,0,1,0,3,1,6,0,1978.5061638868744,0,0,0,0,286,0,5,2007,79000,0,0,0,0,0,0,0,1,0,1,0,0,1,0,0,1,0,0,0,0,0,0,0,0,1,1,1,0,0,1,0,1,0,1,0,1,0,0,0,0,1,0,0,0,0,1,0,0,1,0,1,1,0,0,0,0,1,1,0,0,0,1,0,0,0,0,1,0,1,1,1,0,0,0,0,1,0,1,0,1,0,0,0,0,0,0,0,0,0,0,0,1,0,0,1,0,1,0
854,70.04995836802665,12095,6,6,1964,1964,115.0,564,0,563,1127,1445,0,1445,0,0,1,1,3,1,7,1,1964.0,2,645,180,0,0,0,8,2009,158000,0,0,0,0,1,0,1,0,1,1,1,0,0,1,0,0,0,1,0,0,0,0,0,0,1,1,1,0,0,0,0,1,0,1,0,1,0,0,0,1,0,0,0,0,1,0,0,0,1,1,0,0,1,0,0,0,1,1,0,1,0,0,0,0,0,0,1,0,1,1,0,0,1,0,0,1,0,0,1,1,0,0,1,0,0,0,1,0,1,1,0,1,1,0,1,0,1,0
661,70.04995836802665,12384,7,7,1976,1976,233.0,0,0,793,793,1142,793,1935,0,0,2,1,3,1,7,1,1976.0,2,550,0,113,252,0,11,2007,197900,0,0,1,0,1,0,0,1,1,1,0,1,0,1,0,0,0,0,1,0,0,0,0,0,1,1,1,0,0,0,1,1,0,1,0,0,1,0,0,0,0,1,0,0,1,0,0,0,1,0,1,0,1,0,0,1,0,1,0,0,0,1,0,0,0,0,0,1,1,1,0,0,1,0,0,1,0,0,1,1,0,1,1,0,0,0,1,0,1,1,0,1,0,0,1,0,1,0
643,75.0,13860,8,7,1972,1995,0.0,1410,0,542,1952,2000,704,2704,1,0,2,1,4,1,9,3,1972.0,2,538,269,111,0,0,7,2009,345000,0,0,0,0,1,0,0,1,1,1,0,0,1,1,0,0,0,1,0,0,0,0,0,0,1,1,1,0,0,0,0,1,0,1,0,0,1,0,0,0,0,0,0,1,0,1,0,1,0,0,1,0,1,0,0,1,0,1,0,1,0,0,0,0,1,0,0,0,1,1,0,1,0,0,0,1,1,0,0,1,0,1,1,0,0,1,0,0,1,1,0,1,1,0,1,0,1,0
409,109.0,14154,7,5,2006,2006,350.0,0,0,1063,1063,1071,1101,2172,0,0,2,1,3,1,9,1,2006.0,3,947,192,62,0,0,8,2007,280000,0,0,1,0,1,0,0,1,1,1,1,0,0,1,0,0,0,0,0,1,0,0,0,0,1,1,1,0,0,0,1,1,0,1,0,0,0,1,0,0,0,0,1,0,1,0,0,1,0,0,1,0,0,1,1,0,0,0,0,0,0,1,0,0,0,0,0,1,1,1,1,0,0,0,0,1,0,1,0,1,1,0,1,0,0,0,1,0,1,1,0,1,0,1,0,0,0,1
796,70.0,8400,6,6,1980,1981,130.0,0,0,650,650,888,676,1564,0,0,2,1,3,1,7,1,1980.0,2,476,0,50,0,204,4,2010,171000,0,0,1,0,1,0,0,1,1,1,0,0,1,1,0,0,0,0,0,0,0,0,0,0,1,1,1,0,0,0,1,1,0,1,1,0,0,0,0,1,0,0,0,0,1,0,0,0,1,0,1,0,1,0,0,1,0,1,0,0,0,1,0,0,0,0,0,1,1,1,0,0,1,0,0,1,0,0,1,1,0,1,1,0,0,0,0,1,1,1,0,1,1,0,1,0,1,0
1303,92.0,10120,8,5,1994,1994,391.0,740,0,425,1165,1203,1323,2526,1,0,2,1,4,1,8,1,1994.0,3,844,309,78,0,0,12,2006,290000,0,0,1,0,1,0,0,1,1,1,0,0,1,1,0,0,0,0,0,0,0,0,0,0,1,1,1,0,0,0,1,0,1,1,0,0,0,1,0,0,0,0,1,0,1,0,0,1,0,0,1,0,0,1,0,1,0,1,0,0,0,1,0,0,1,0,0,0,1,1,1,0,0,0,0,1,0,1,0,1,0,1,1,0,0,0,1,0,1,1,0,1,0,0,1,0,1,0
1090,37.0,3316,8,5,2005,2005,0.0,1039,0,208,1247,1247,0,1247,1,0,1,1,1,1,4,1,2005.0,2,550,0,84,0,0,4,2006,197000,0,0,0,1,0,0,1,0,1,1,0,0,1,1,0,0,0,0,0,0,0,0,1,0,1,1,0,1,0,1,0,1,0,1,0,1,0,0,0,0,1,0,0,0,0,1,0,1,0,0,1,0,0,1,0,1,0,1,0,0,0,1,0,0,1,0,0,0,1,1,1,0,0,0,0,1,0,1,0,1,1,0,1,0,0,1,0,0,1,1,0,1,0,0,1,0,1,0
595,88.0,7990,5,6,1975,1975,0.0,0,0,924,924,924,0,924,0,0,1,0,3,1,5,0,1981.0,1,280,0,0,0,0,4,2008,110000,1,0,0,0,1,0,1,0,1,1,0,0,1,1,1,0,0,0,0,0,0,0,0,0,1,1,1,0,0,1,0,0,1,1,1,0,0,0,0,1,0,0,0,0,0,1,0,0,1,0,1,0,1,0,0,1,0,1,0,0,0,1,0,0,0,0,0,1,1,1,0,0,1,0,0,1,0,0,1,1,0,0,0,0,1,0,0,1,1,1,0,1,1,0,1,0,1,0
877,94.0,25286,4,5,1963,1963,0.0,633,0,431,1064,1040,0,1040,1,0,1,0,3,1,5,0,1963.0,2,648,0,0,0,0,1,2007,132250,1,0,0,0,1,0,0,1,0,1,0,0,1,0,0,0,0,0,0,0,0,0,0,0,1,1,1,0,0,1,0,1,0,1,1,0,0,0,0,0,0,1,0,0,0,1,0,0,1,0,1,0,0,1,0,0,1,1,0,1,0,0,1,0,0,0,0,0,1,1,0,1,0,0,0,1,0,0,1,1,0,0,1,0,0,0,0,1,1,1,0,1,0,0,1,0,1,0
890,128.0,12160,6,4,1953,1953,90.0,1024,0,481,1505,1505,0,1505,1,0,1,0,2,1,6,1,1953.0,2,505,0,0,0,0,2,2009,149500,1,0,0,0,1,0,0,1,1,1,0,0,1,1,0,0,0,1,0,0,0,0,0,1,0,1,1,0,0,1,0,0,1,1,0,0,0,0,1,0,0,0,0,1,1,0,0,0,1,0,1,0,1,0,0,0,1,1,0,0,0,1,0,1,0,0,0,0,1,1,1,0,0,0,0,1,0,0,1,1,0,1,1,0,0,0,1,0,1,1,0,1,0,0,1,0,1,0
723,70.0,8120,4,7,1970,1970,0.0,191,0,673,864,864,0,864,0,0,1,0,3,1,5,0,1994.0,2,463,0,0,0,0,7,2009,124500,1,0,0,0,1,0,0,1,1,1,0,0,1,1,0,0,0,1,0,0,0,0,0,0,1,1,1,0,0,1,0,1,0,1,0,1,0,0,0,0,1,0,0,0,0,1,0,0,1,1,0,0,1,0,0,0,1,1,0,0,0,1,1,0,0,0,0,0,1,1,1,0,0,0,0,1,0,0,1,1,0,0,0,0,1,0,0,1,1,1,0,1,0,0,1,0,1,0
478,105.0,13693,9,5,2006,2006,772.0,0,0,2153,2153,2069,574,2643,0,0,2,1,3,1,9,1,2006.0,3,694,414,84,0,0,3,2007,380000,0,0,1,0,1,0,0,1,1,1,0,0,1,1,0,0,0,0,0,1,0,0,0,0,1,1,1,0,0,0,1,0,1,1,0,0,0,1,0,0,0,0,1,0,1,0,0,0,0,0,1,0,0,1,0,1,0,1,1,0,0,0,0,0,0,0,0,1,1,1,1,0,0,0,0,1,1,0,0,1,1,0,0,1,0,1,0,0,1,1,0,1,0,0,1,0,1,0
560,70.04995836802665,3196,7,5,2003,2004,18.0,0,0,1374,1374,1557,0,1557,0,0,2,0,2,1,7,1,2003.0,2,420,143,20,0,0,10,2006,234000,0,0,0,1,1,0,0,1,1,1,0,0,1,1,0,0,0,0,0,0,0,0,0,0,1,1,0,1,0,1,0,1,0,1,0,0,0,1,0,0,0,0,1,0,1,0,0,1,0,0,1,0,0,1,0,1,0,1,0,1,0,0,0,0,0,0,0,1,1,1,1,0,0,0,0,1,0,1,0,1,0,1,1,0,0,1,0,0,1,1,0,1,0,0,1,0,1,0
283,34.0,5063,7,5,2007,2008,166.0,904,0,410,1314,1314,0,1314,1,0,2,0,2,1,6,1,2008.0,2,626,172,62,0,0,4,2009,207500,0,0,0,1,1,0,0,1,1,1,0,0,1,1,0,0,0,0,0,1,0,0,0,0,1,1,0,0,0,1,0,1,0,1,0,0,0,1,0,0,0,0,1,0,0,0,1,1,0,0,1,0,0,1,0,1,0,1,0,0,0,1,0,0,1,0,0,0,1,1,1,0,0,0,0,1,0,1,0,1,1,0,1,0,0,0,1,0,1,1,0,1,0,0,0,0,1,0
539,70.04995836802665,11553,5,5,1968,1968,188.0,673,0,378,1051,1159,0,1159,0,0,1,1,3,1,7,1,1968.0,1,336,466,0,0,0,7,2006,158000,1,0,0,0,1,0,1,0,1,1,0,0,1,1,0,0,0,0,0,0,0,1,0,0,1,1,1,0,0,1,0,0,1,1,0,0,1,0,0,0,0,1,0,0,1,0,0,0,1,0,1,0,1,0,0,0,1,1,0,0,0,1,0,1,0,0,0,0,1,1,0,0,1,0,0,1,0,0,1,1,0,0,1,0,0,0,0,1,1,1,0,1,0,0,1,0,1,0
139,73.0,9066,8,5,1999,2000,320.0,668,0,336,1004,1004,848,1852,0,0,2,1,3,1,7,2,1999.0,3,660,224,106,0,0,12,2008,230000,0,0,1,0,1,0,1,0,1,1,0,0,1,1,1,0,0,0,0,0,0,0,0,0,1,1,1,0,0,0,1,1,0,1,0,0,0,1,0,0,0,0,1,0,1,0,0,1,0,0,1,0,0,1,0,1,0,1,0,0,1,0,0,0,1,0,0,0,1,1,1,0,0,0,0,1,0,1,0,1,0,1,1,0,0,1,0,0,1,1,0,1,0,0,1,0,1,0
480,50.0,5925,4,7,1937,2000,435.0,168,0,739,907,1131,0,1131,0,0,1,0,2,1,7,0,1995.0,2,672,0,72,0,0,3,2007,89471,0,0,0,0,0,1,0,1,0,1,0,0,1,1,0,0,0,0,0,0,1,0,0,0,1,1,1,0,0,1,0,0,1,1,0,0,0,0,0,0,0,0,0,0,0,0,0,0,1,0,1,1,0,0,0,0,0,1,0,0,0,1,0,0,0,0,1,0,1,1,0,0,1,0,0,1,0,0,1,1,0,0,0,0,1,0,0,1,1,1,0,1,1,0,1,0,0,0
361,70.04995836802665,7540,6,6,1978,1978,0.0,773,0,115,888,912,0,912,1,0,1,0,2,1,5,1,1978.0,2,470,0,0,0,192,6,2007,156000,0,0,0,0,1,0,1,0,1,1,0,1,0,1,0,0,0,0,0,0,0,0,0,0,1,1,1,0,0,0,0,1,0,1,0,0,0,1,0,0,0,0,1,0,0,1,0,0,1,0,1,0,1,0,0,1,0,1,1,0,0,0,0,0,1,0,0,0,1,1,1,0,0,0,0,1,0,0,1,1,0,1,1,0,0,0,1,0,1,1,0,1,1,0,1,0,1,0
944,100.0,25000,5,4,1967,1967,0.0,0,0,1632,1632,1632,0,1632,0,0,2,0,4,2,8,0,1967.0,2,576,0,0,0,0,6,2007,143000,0,0,0,0,1,0,0,1,0,1,0,0,1,1,0,0,0,0,0,0,0,0,0,0,1,1,0,0,0,1,0,1,0,1,1,0,0,0,0,0,0,1,0,0,0,1,0,0,1,0,1,0,1,0,0,0,1,1,1,0,0,0,0,0,0,0,0,1,1,1,0,0,1,0,0,1,0,0,1,1,0,0,1,0,0,0,0,1,1,1,0,0,0,0,1,0,1,0
91,60.0,7200,4,5,1950,1950,0.0,0,0,0,0,1040,0,1040,0,0,1,0,2,1,4,0,1950.0,2,420,0,29,0,0,7,2006,109900,1,0,0,0,1,0,0,1,1,1,0,0,1,1,0,0,0,1,0,0,0,0,0,0,1,1,1,0,0,1,0,1,0,1,0,0,0,0,0,0,0,0,0,1,0,1,0,0,1,0,1,0,0,0,0,0,0,0,0,0,0,0,0,0,0,0,0,0,0,1,0,0,1,0,1,0,0,0,1,1,0,0,0,0,1,0,0,1,1,1,0,1,0,0,1,0,1,0
37,112.0,10859,5,5,1994,1995,0.0,0,0,1097,1097,1097,0,1097,0,0,1,1,3,1,6,0,1995.0,2,672,392,64,0,0,6,2009,145000,1,0,0,0,1,0,0,1,1,1,1,0,0,1,1,0,0,0,0,0,0,0,0,0,1,1,1,0,0,1,0,1,0,1,0,0,0,1,0,0,0,0,1,0,0,1,0,0,1,0,1,0,0,1,0,1,0,1,0,0,0,1,0,0,0,0,0,1,1,1,1,0,0,0,0,1,0,0,1,1,0,0,1,0,0,0,0,1,1,1,0,1,0,0,1,0,1,0
487,79.0,10289,5,7,1965,1965,168.0,836,0,237,1073,1073,0,1073,1,0,1,1,3,1,6,0,1965.0,2,515,0,0,0,0,6,2007,156000,1,0,0,0,1,0,0,1,1,1,0,0,1,1,0,0,0,1,0,0,0,0,0,0,1,1,1,0,0,1,0,0,1,1,0,1,0,0,0,0,1,0,0,0,1,0,0,0,1,0,1,0,1,0,0,0,1,1,0,0,0,1,1,0,0,0,0,0,1,1,0,0,1,0,0,1,0,0,1,1,0,0,1,0,0,0,1,0,1,1,0,1,0,0,1,0,1,0
265,30.0,5232,5,5,1925,2004,0.0,0,0,680,680,764,0,764,0,0,1,0,2,1,4,0,1965.0,2,504,0,0,0,0,6,2008,73000,0,0,0,0,0,1,0,0,0,1,0,0,1,1,0,0,0,0,0,0,1,0,0,0,0,1,1,0,0,1,0,1,0,1,0,0,0,0,1,0,0,0,0,1,0,1,0,0,1,0,1,1,0,0,0,0,0,1,0,0,0,1,0,0,0,0,0,1,1,1,0,1,0,1,0,0,0,0,1,1,0,0,0,0,1,0,0,1,1,1,1,0,0,0,1,0,1,0
121,70.04995836802665,21453,6,5,1969,1969,0.0,938,0,0,938,988,0,988,1,0,1,0,1,1,4,2,1969.0,2,540,0,130,0,0,10,2006,180000,0,0,0,0,1,0,1,0,0,1,0,1,0,0,0,0,0,0,0,0,0,0,0,0,1,1,1,0,0,0,0,0,0,0,0,0,1,0,0,0,0,1,0,0,0,1,0,0,1,0,1,0,1,0,0,0,1,1,0,1,0,0,1,0,0,0,0,0,1,1,1,0,0,0,0,1,0,0,1,1,0,1,1,0,0,0,0,1,1,1,0,1,0,0,1,0,1,0
602,50.0,9000,6,6,1937,1950,0.0,0,0,780,780,780,595,1375,0,0,1,1,3,1,6,1,1979.0,1,544,0,162,0,126,12,2007,141000,0,1,0,0,0,1,0,1,0,1,0,0,1,1,0,0,0,0,0,0,0,0,0,0,1,1,1,0,1,0,0,1,0,1,0,0,0,0,1,0,0,0,0,1,0,1,0,0,1,1,0,0,0,1,0,0,1,1,0,0,0,1,0,0,0,0,0,1,1,1,0,0,1,0,0,1,0,1,0,1,1,0,0,0,1,0,0,1,1,1,0,0,0,0,1,0,1,0
703,82.0,12438,8,5,2006,2006,466.0,0,0,1234,1234,1264,1312,2576,0,0,2,1,4,1,10,1,2006.0,3,666,324,100,0,0,7,2006,361919,0,0,1,0,1,0,1,0,1,1,0,0,1,1,0,0,0,0,0,0,0,0,0,0,1,1,1,0,0,0,1,0,1,1,0,0,0,1,0,0,0,0,1,0,1,0,0,0,0,0,1,0,0,1,1,0,0,0,0,0,0,1,0,0,0,0,0,1,1,1,1,0,0,0,0,1,1,0,0,1,1,0,0,1,0,1,0,0,1,1,0,1,0,1,0,0,0,1
634,80.0,9250,5,7,1954,2005,0.0,480,468,108,1056,1056,0,1056,0,1,1,0,3,1,6,0,1954.0,1,260,390,0,0,0,7,2007,139400,1,0,0,0,1,0,0,1,1,1,1,0,0,1,0,0,0,1,0,0,0,0,0,0,1,1,1,0,0,1,0,1,0,1,0,0,0,0,1,0,0,0,0,1,0,1,0,0,1,0,1,0,1,0,0,0,1,1,0,0,0,1,0,1,0,0,0,0,0,1,0,0,1,0,0,1,0,0,1,1,0,0,1,0,0,0,0,1,1,1,0,1,0,0,1,0,1,0
456,80.0,9600,7,6,1973,1973,320.0,916,0,326,1242,1242,0,1242,0,0,1,1,3,1,6,1,1973.0,2,528,0,0,0,0,9,2007,175500,1,0,0,0,1,0,0,1,1,1,0,0,1,1,0,0,0,0,1,0,0,0,0,0,1,1,1,0,0,1,0,0,1,1,1,0,0,0,0,1,0,0,0,0,1,0,0,0,1,0,1,0,1,0,0,0,1,1,0,0,0,1,1,0,0,0,0,0,1,1,0,0,0,0,0,1,0,0,1,1,0,1,1,0,0,0,0,1,1,1,0,1,0,0,1,0,1,0
789,50.0,6000,4,7,1954,2000,0.0,0,0,901,901,901,0,901,0,0,1,0,2,1,4,0,1954.0,1,281,0,0,0,0,8,2008,107900,1,0,0,0,0,1,0,1,1,1,1,0,0,1,0,0,0,0,0,0,1,0,0,0,1,1,1,0,0,1,0,1,0,1,0,1,0,0,0,0,1,0,0,0,0,1,0,0,1,0,1,0,1,0,0,0,1,1,0,0,0,1,0,0,0,0,0,1,1,1,1,0,0,0,0,1,0,0,1,1,0,0,0,0,1,0,0,1,0,1,0,1,0,0,1,0,1,0
156,60.0,9600,6,5,1924,1950,0.0,0,0,572,572,572,524,1096,0,0,1,0,2,1,5,0,1978.5061638868744,0,0,0,8,128,0,4,2008,79000,0,1,0,0,1,0,0,1,1,1,1,0,0,1,0,1,0,0,0,0,0,0,0,0,0,1,1,0,1,0,0,1,0,1,0,0,0,0,1,0,0,0,0,1,0,1,0,0,1,0,1,1,0,0,0,0,1,1,0,0,0,1,0,0,0,0,0,1,1,0,0,0,0,1,0,0,0,0,1,1,0,0,0,0,0,0,0,0,0,0,1,0,0,0,1,0,1,0
1109,70.04995836802665,8063,6,5,2000,2000,0.0,0,0,924,924,948,742,1690,0,0,2,1,3,1,7,1,2000.0,2,463,100,48,0,0,11,2007,181000,0,0,1,0,1,0,0,1,1,1,0,0,1,1,0,0,1,0,0,0,0,0,0,0,1,1,1,0,0,0,1,1,0,1,0,0,0,1,0,0,0,0,1,0,0,1,0,0,1,0,1,0,0,1,0,1,0,1,0,0,0,1,0,0,0,0,0,1,1,1,1,0,0,0,0,1,0,0,1,1,0,1,1,0,0,0,1,0,1,1,0,1,0,0,1,1,0,0
306,80.0,10386,8,5,2004,2005,246.0,1464,0,536,2000,2000,0,2000,1,0,2,0,3,1,8,0,2004.0,3,888,168,0,0,0,7,2007,305900,1,0,0,0,1,0,0,1,1,1,0,0,1,1,1,0,0,0,0,0,0,0,0,0,1,1,1,0,0,1,0,1,0,1,0,0,0,0,0,0,0,0,0,0,0,0,1,1,0,0,1,0,0,1,0,1,0,1,0,0,0,1,0,0,1,0,0,0,1,1,1,0,0,0,0,1,0,1,0,1,0,0,1,0,0,1,0,0,1,1,0,1,0,0,1,0,1,0
1439,90.0,7407,6,7,1957,1996,0.0,600,0,312,912,1236,0,1236,1,0,1,0,2,1,6,0,1957.0,2,923,0,158,158,0,4,2010,149700,1,0,0,0,0,1,0,1,1,1,0,0,1,1,0,0,0,0,0,0,1,0,0,0,0,1,1,0,0,1,0,1,0,1,0,1,0,0,0,0,1,0,0,0,0,1,0,0,1,0,1,0,1,0,0,0,1,1,0,0,0,1,0,0,1,0,0,0,1,1,0,0,1,0,1,0,0,0,1,1,0,0,1,0,0,0,0,1,1,1,0,1,1,0,1,0,1,0
134,70.04995836802665,6853,8,5,2001,2002,136.0,1005,0,262,1267,1296,0,1296,1,0,2,0,2,1,6,0,2001.0,2,471,192,25,0,0,6,2009,220000,1,0,0,0,1,0,1,0,1,1,0,0,1,1,0,0,0,0,0,0,0,0,0,0,1,1,1,0,0,1,0,1,0,1,0,0,0,1,0,0,0,0,1,0,1,0,0,1,0,0,1,0,0,1,1,0,0,1,0,0,0,1,0,0,1,0,0,0,1,1,1,0,0,0,0,1,0,1,0,1,0,0,1,0,0,1,0,0,1,1,0,1,0,0,1,0,1,0
969,50.0,5925,3,6,1910,1950,0.0,0,0,600,600,600,368,968,0,0,1,0,2,1,6,0,1978.5061638868744,0,0,0,0,0,0,5,2009,37900,0,1,0,0,0,1,0,1,1,1,0,0,1,1,0,0,0,0,0,0,1,0,0,0,1,1,1,0,1,0,0,1,0,1,0,0,0,1,0,0,0,0,1,0,0,1,0,0,1,0,1,1,0,0,0,0,1,1,0,0,0,1,0,0,0,0,0,1,1,0,0,0,0,1,0,1,0,0,1,1,0,0,0,0,0,0,0,0,0,0,0,1,0,0,1,1,0,0
564,66.0,21780,6,7,1918,1950,0.0,0,0,1163,1163,1163,511,1674,0,0,2,0,4,1,8,1,1955.0,2,396,72,36,0,144,7,2008,185000,0,1,0,0,1,0,0,1,1,1,0,0,1,1,0,1,0,0,0,0,0,0,0,0,1,1,1,0,1,0,0,1,0,1,0,0,0,0,1,0,0,0,0,1,0,1,0,0,1,0,1,1,0,0,0,1,0,1,0,0,1,0,0,0,0,0,0,1,1,1,1,0,0,0,0,1,0,0,1,1,1,0,0,0,1,1,0,0,1,1,1,0,0,0,1,0,1,0
325,96.0,11275,7,7,1967,2007,300.0,0,0,710,710,1898,1080,2978,0,0,2,1,5,1,11,1,1961.0,2,564,240,0,0,0,6,2010,242000,0,0,0,0,1,0,0,1,1,1,1,0,0,1,0,0,0,1,0,0,0,0,0,0,0,1,1,0,0,0,0,0,0,0,0,0,0,0,1,0,0,0,0,1,1,0,0,1,0,1,0,0,1,0,0,1,0,1,0,0,0,1,0,0,0,0,0,1,1,1,1,0,0,0,0,1,0,1,0,1,1,0,0,1,0,1,0,0,1,1,0,1,0,0,1,0,1,0
305,87.0,18386,7,9,1880,2002,0.0,0,0,1470,1470,1675,1818,3493,0,0,3,0,3,1,10,1,2003.0,3,870,302,0,0,0,5,2008,295000,0,0,0,0,0,1,0,1,1,1,0,0,1,1,0,0,0,0,0,0,1,0,0,0,1,1,1,0,0,0,0,1,0,1,0,0,0,0,0,0,0,0,0,0,0,1,0,0,1,0,1,1,0,0,0,0,1,1,0,0,0,1,0,0,0,0,0,1,1,1,1,0,0,0,0,1,0,1,0,1,0,0,1,0,0,0,0,1,1,1,0,1,0,0,1,0,1,0
576,80.0,8480,5,5,1947,1950,0.0,442,0,390,832,832,384,1216,0,0,1,0,2,1,6,0,1947.0,1,336,158,0,102,0,10,2008,118500,0,1,0,0,1,0,0,1,1,1,0,0,1,1,0,0,0,1,0,0,0,0,0,0,1,1,1,0,1,0,0,1,0,1,0,1,0,0,0,0,1,0,0,0,0,1,0,0,1,0,1,0,1,0,0,0,1,1,0,0,0,1,0,0,0,0,1,0,1,1,0,0,1,0,0,1,0,0,1,1,0,0,0,0,1,0,0,1,1,1,0,1,0,0,0,1,0,0
736,60.0,10800,7,7,1914,1970,0.0,390,0,490,880,880,888,1768,0,0,1,1,2,1,6,2,1914.0,2,320,0,341,0,0,10,2006,163000,0,0,0,0,0,1,0,1,1,1,0,0,1,1,0,0,0,0,0,0,1,0,0,0,1,1,1,0,0,0,0,1,0,1,0,0,0,0,1,0,0,0,0,1,0,1,0,0,1,0,1,1,0,0,0,1,0,1,0,0,1,0,0,0,0,0,1,0,1,0,0,0,0,1,0,1,0,0,1,1,0,1,0,0,1,0,0,1,1,1,1,0,0,0,1,0,1,0
742,65.0,6768,6,8,1961,1996,0.0,832,0,80,912,912,0,912,1,1,1,0,3,1,5,0,1962.0,1,288,168,0,0,0,5,2008,142000,1,0,0,0,1,0,1,0,1,1,0,0,1,1,0,0,0,0,0,0,0,1,0,1,0,1,1,0,0,1,0,0,1,1,1,0,0,0,0,1,0,0,0,0,0,1,0,0,1,1,0,0,1,0,0,0,1,1,0,0,1,0,0,0,1,0,0,0,1,1,0,1,0,0,0,1,0,1,0,1,0,0,0,0,1,0,0,1,1,1,0,1,0,0,1,0,1,0
448,70.04995836802665,11214,7,5,1998,1999,0.0,0,0,930,930,956,930,1886,0,0,2,1,4,1,10,1,1998.0,2,431,89,0,0,0,7,2006,199900,0,0,1,0,1,0,1,0,1,1,1,0,0,1,0,0,1,0,0,0,0,0,0,0,1,1,1,0,0,0,1,1,0,1,0,0,0,1,0,0,0,0,1,0,0,1,0,1,0,0,1,0,0,1,0,1,0,1,0,0,0,1,0,0,0,0,0,1,1,1,0,1,0,0,0,1,0,1,0,1,0,1,1,0,0,1,0,0,1,1,0,1,0,0,1,0,1,0
162,110.0,13688,9,5,2003,2004,664.0,1016,0,556,1572,1572,1096,2668,1,0,2,1,3,1,10,2,2003.0,3,726,400,0,0,0,3,2008,412500,0,0,1,0,1,0,1,0,1,1,0,0,1,1,0,0,0,0,0,1,0,0,0,0,1,1,1,0,0,0,1,1,0,1,0,0,0,1,0,0,0,0,1,0,1,0,0,1,0,0,1,0,0,1,1,0,0,1,1,0,0,0,0,0,1,0,0,0,1,1,1,0,0,0,0,1,1,0,0,1,1,0,0,1,0,1,0,0,1,1,0,1,0,0,1,0,1,0
449,50.0,8600,6,6,1937,1950,0.0,0,0,780,780,780,596,1376,0,0,2,0,3,1,7,1,1937.0,1,198,0,0,0,0,6,2006,119500,0,1,0,0,0,1,0,1,0,1,0,0,1,1,0,0,0,0,0,0,0,0,0,0,1,1,1,0,1,0,0,1,0,1,0,1,0,0,0,0,1,0,0,0,0,1,0,0,1,0,1,1,0,0,0,0,1,1,0,0,0,1,0,0,0,0,0,1,1,1,0,0,1,0,0,1,0,0,1,1,1,0,0,0,1,0,0,1,1,1,1,0,0,0,1,0,1,0
420,65.0,8450,5,6,1968,1968,0.0,775,0,281,1056,1056,0,1056,1,0,1,0,3,1,6,1,1968.0,1,304,0,85,184,0,7,2010,142000,1,0,0,0,1,0,0,1,1,1,0,0,1,1,0,0,0,1,0,0,0,0,0,0,1,1,1,0,0,1,0,1,0,1,0,0,0,1,0,0,0,0,1,0,0,1,0,0,1,0,1,0,1,0,0,0,1,1,0,0,0,1,0,1,0,0,0,0,1,1,1,0,0,0,0,1,0,0,1,1,0,0,1,0,0,0,0,1,1,1,0,1,0,0,1,0,1,0
1238,41.0,12393,7,5,2004,2005,0.0,0,0,847,847,847,1101,1948,0,0,2,1,4,1,8,1,2004.0,2,434,100,48,0,0,9,2006,195000,0,0,1,0,1,0,0,0,1,1,0,0,0,1,1,0,0,0,0,0,0,0,0,0,1,1,1,0,0,0,1,1,0,1,0,0,0,1,0,0,0,0,1,0,0,1,0,1,0,0,1,0,0,1,0,1,0,1,0,0,0,1,0,0,0,0,0,1,1,1,1,0,0,0,0,1,0,1,0,1,1,0,0,1,0,1,0,0,1,1,0,1,0,0,1,0,1,0
242,40.0,3880,5,9,1945,1997,0.0,329,0,357,686,866,0,866,0,0,1,0,2,1,4,0,1978.5061638868744,0,0,58,42,0,0,8,2007,110500,0,0,0,0,0,1,0,1,1,1,0,0,1,1,0,0,0,0,0,0,1,0,0,0,1,1,1,0,0,1,0,1,0,1,0,0,0,1,0,0,0,0,1,0,0,1,0,0,1,1,0,0,1,0,0,0,1,1,0,0,0,1,1,0,0,0,0,0,1,1,0,1,0,0,0,1,0,1,0,1,0,0,0,0,0,0,0,0,0,0,0,1,0,0,1,0,1,0
636,60.0,10896,6,7,1914,1995,0.0,256,0,1184,1440,1440,1440,3395,0,0,2,0,8,2,14,0,1978.5061638868744,0,0,0,110,0,0,3,2007,200000,0,0,0,0,0,0,0,1,0,1,0,0,1,1,0,0,0,0,0,0,0,0,0,1,0,1,0,0,0,0,0,0,1,1,0,0,0,1,0,0,0,0,1,0,0,1,0,0,0,0,1,0,1,0,0,0,1,0,0,0,0,1,0,0,0,1,0,0,1,1,1,0,0,0,1,0,0,0,0,1,0,0,0,0,0,0,0,0,0,0,1,0,0,0,1,1,0,0
411,68.0,9571,5,3,1958,1958,0.0,0,0,1276,1276,1276,0,1276,0,0,1,0,3,1,5,0,1958.0,1,350,0,0,0,0,6,2009,60000,1,0,0,0,1,0,0,1,1,1,0,0,1,1,0,1,0,0,0,0,0,0,0,0,1,1,1,0,0,1,0,1,0,1,0,0,0,0,0,0,0,0,0,0,0,1,0,0,1,0,0,0,1,0,0,0,1,0,0,0,0,1,0,0,0,0,0,1,1,1,0,0,1,0,1,0,0,0,1,0,0,0,1,0,0,0,0,1,1,1,0,1,0,0,0,1,0,0
348,70.04995836802665,17600,6,5,1960,1960,30.0,1270,0,208,1478,1478,0,1478,1,0,2,0,3,1,6,2,1960.0,2,498,0,40,0,0,12,2009,157500,1,0,0,0,1,0,1,0,1,1,0,0,1,1,0,0,0,1,0,0,0,0,0,0,1,1,1,0,0,1,0,1,0,1,0,0,0,0,1,0,0,0,0,1,1,0,0,0,1,0,1,0,1,0,0,0,1,1,0,0,0,1,0,1,0,0,0,0,1,1,1,0,0,0,1,0,0,0,1,1,1,0,1,0,0,0,0,1,1,1,0,1,0,0,1,0,1,0
1035,50.0,6305,5,7,1938,1950,0.0,0,0,920,920,954,0,954,0,0,1,0,2,1,5,1,1938.0,1,240,0,0,0,0,6,2007,119750,0,0,0,0,1,0,0,1,0,1,0,0,1,1,0,0,0,0,0,0,0,0,0,0,1,1,1,0,0,1,0,1,0,1,0,1,0,0,0,0,1,0,0,0,0,1,0,0,1,1,0,0,0,1,0,0,0,0,0,0,0,1,0,0,0,0,0,1,1,1,1,0,0,0,0,1,0,0,0,1,1,0,0,0,0,0,0,1,0,1,0,1,1,0,1,0,1,0
329,70.04995836802665,11888,6,6,1916,1994,0.0,0,0,844,844,1445,689,2134,0,0,2,0,5,1,10,0,1930.0,2,441,0,60,268,0,7,2009,214500,0,0,0,0,1,0,1,0,0,1,0,0,1,1,0,0,0,0,0,0,0,0,0,0,0,1,1,0,0,0,0,1,0,1,0,0,0,0,1,0,0,0,0,0,0,1,0,0,1,0,1,1,0,0,0,0,1,1,0,0,0,1,0,0,0,0,0,1,1,1,0,1,0,1,1,0,0,1,0,1,0,0,0,0,1,0,0,1,1,1,0,1,0,0,1,0,1,0
784,70.04995836802665,9101,5,6,1978,1978,104.0,1097,0,0,1097,1110,0,1110,1,0,1,0,1,1,4,1,1978.0,2,602,303,30,0,0,7,2009,165500,0,0,0,0,1,0,1,0,1,1,1,0,0,1,0,0,0,0,0,0,0,0,0,0,1,1,1,0,0,0,0,1,0,1,0,0,1,0,0,0,0,1,0,0,1,0,0,0,1,1,0,0,0,1,0,1,0,1,1,0,0,0,0,0,1,0,0,0,1,1,1,0,0,0,0,1,0,1,0,1,0,1,1,0,0,1,0,0,1,1,0,1,0,0,1,0,1,0
489,60.0,10800,5,4,1900,1970,0.0,664,0,290,954,1766,648,2414,0,0,2,0,3,2,10,1,1970.0,2,520,142,0,0,0,5,2006,160000,0,0,0,0,1,0,0,1,1,1,1,0,0,1,0,0,0,0,0,0,1,0,0,0,1,1,0,0,1,0,0,1,0,1,0,0,0,0,1,0,0,0,0,1,0,1,0,0,1,0,0,0,1,0,0,0,1,0,0,0,0,1,0,1,0,0,0,0,1,1,0,0,1,1,1,0,0,0,1,0,1,0,1,0,0,0,0,1,1,0,1,0,0,0,0,0,1,0
25,70.04995836802665,8246,5,8,1968,2001,0.0,188,668,204,1060,1060,0,1060,1,0,1,0,3,1,6,1,1968.0,1,270,406,90,0,0,5,2010,154000,1,0,0,0,1,0,1,0,1,1,0,0,1,1,0,0,0,0,0,0,0,1,0,0,1,1,1,0,0,1,0,1,0,1,0,0,1,0,0,0,0,1,0,0,0,1,0,0,1,1,0,0,1,0,0,0,1,1,0,0,1,0,0,0,0,0,1,0,0,1,1,0,0,0,0,1,0,1,0,1,0,1,1,0,0,0,0,1,1,1,0,1,1,0,1,0,1,0
561,70.04995836802665,11341,5,6,1957,1996,180.0,1302,0,90,1392,1392,0,1392,1,0,1,1,3,1,5,1,1957.0,2,528,0,0,0,95,5,2010,121500,1,0,0,0,1,0,1,0,1,1,0,0,1,1,0,0,0,0,0,0,0,1,0,0,1,1,1,0,0,1,0,0,1,1,0,0,0,0,1,0,0,0,0,1,1,0,0,0,1,0,1,0,1,0,0,1,0,1,0,0,0,1,1,0,0,0,0,0,1,1,0,0,1,0,0,1,0,0,1,0,1,0,0,0,1,0,0,1,1,1,0,1,0,0,1,0,1,0
138,82.0,11070,7,5,1988,1989,70.0,0,0,1907,1907,1959,0,1959,0,0,3,0,5,2,9,0,1989.0,3,766,0,0,0,0,7,2006,171000,0,0,0,0,1,0,0,1,1,1,0,0,1,1,0,0,0,0,0,0,0,0,0,0,1,1,0,0,0,1,0,1,0,1,0,0,0,1,0,0,0,0,1,0,1,0,0,0,1,0,1,0,1,0,0,0,1,1,0,0,0,1,0,0,0,0,0,1,1,1,0,1,0,0,0,1,0,0,1,1,0,0,0,0,0,0,0,1,1,1,0,1,0,0,1,0,0,0
1154,70.04995836802665,5890,6,8,1930,2007,0.0,538,0,278,816,816,0,816,0,0,1,0,2,1,5,0,2002.0,1,432,0,0,96,0,6,2008,120500,0,0,0,0,0,1,0,1,1,1,1,0,0,1,0,0,0,0,0,0,0,0,0,0,1,1,1,0,0,1,0,1,0,1,0,0,0,0,1,0,0,0,0,1,0,1,0,1,0,1,0,1,0,0,0,0,1,1,1,0,0,0,1,0,0,0,0,0,1,1,1,0,0,0,0,1,0,0,1,1,0,0,0,0,1,0,0,1,1,1,0,1,0,0,1,0,1,0
542,70.04995836802665,11000,8,5,2000,2000,72.0,0,0,969,969,997,1288,2285,0,0,2,1,4,1,8,1,2000.0,3,648,0,56,0,0,6,2007,248000,0,0,1,0,1,0,0,1,1,1,0,0,0,1,0,0,0,0,0,0,0,0,0,0,1,1,1,0,0,0,1,1,0,1,0,0,0,1,0,0,0,0,1,0,1,0,0,1,0,0,1,0,0,1,0,1,0,1,0,0,0,1,0,0,0,0,0,1,1,1,1,0,0,0,0,1,0,1,0,1,0,1,0,1,0,1,0,0,1,1,0,1,0,0,1,0,1,0
1026,70.0,7700,5,5,1972,1972,0.0,138,468,276,882,882,0,882,1,0,1,0,3,1,5,0,1980.0,2,461,96,0,0,0,3,2007,112500,1,0,0,0,1,0,0,1,1,1,1,0,0,1,1,0,0,0,0,0,0,0,0,0,1,1,1,0,0,1,0,1,0,1,0,0,0,1,0,0,0,0,1,0,0,1,0,0,1,0,1,0,1,0,0,0,1,1,0,0,0,1,0,0,0,1,0,0,0,1,0,0,1,0,0,1,0,0,1,1,0,0,0,0,1,0,0,1,1,1,0,1,1,0,1,0,1,0
677,60.0,9600,4,2,1900,1950,0.0,0,0,1095,1095,1095,679,1774,1,0,2,0,4,2,8,0,1920.0,3,779,0,0,90,0,5,2006,87000,0,0,0,0,0,1,0,1,1,1,0,0,1,1,0,0,0,0,0,0,1,0,0,0,1,1,1,0,0,0,1,1,0,1,0,0,0,0,0,0,0,0,0,0,0,1,0,0,1,0,1,1,0,0,0,0,1,0,0,0,0,1,0,0,0,0,0,1,1,0,0,0,0,1,0,1,0,0,1,0,0,0,0,0,0,0,0,1,0,0,1,0,0,0,1,0,1,0
214,43.0,13568,5,5,1995,1995,0.0,716,0,274,990,990,0,990,0,1,1,0,3,1,5,0,1996.0,2,576,224,0,0,0,7,2006,156000,1,0,0,0,1,0,0,0,1,1,0,1,0,1,1,0,0,0,0,0,0,0,0,0,1,1,1,0,0,1,0,1,0,1,0,0,0,1,0,0,0,0,1,0,0,1,0,0,1,0,1,0,0,1,0,1,0,1,0,0,0,1,1,0,0,0,0,0,1,1,1,0,0,0,0,1,0,0,1,1,0,0,1,0,0,0,0,1,1,1,0,1,0,0,1,0,1,0
7,75.0,10084,8,5,2004,2005,186.0,1369,0,317,1686,1694,0,1694,1,0,2,0,3,1,7,1,2004.0,2,636,255,57,0,0,8,2007,307000,1,0,0,0,1,0,0,1,1,1,0,0,1,1,0,0,0,0,0,0,0,0,1,0,1,1,1,0,0,1,0,1,0,1,0,0,0,1,0,0,0,0,1,0,0,0,1,1,0,0,1,0,0,1,1,0,0,1,1,0,0,0,0,0,1,0,0,0,1,1,1,0,0,0,0,1,0,1,0,1,1,0,1,0,0,0,1,0,1,1,0,1,0,0,1,0,1,0
732,73.0,9590,7,5,2003,2003,442.0,786,0,82,868,1146,0,1146,1,0,2,0,3,1,6,1,2003.0,2,438,160,22,0,0,5,2007,187500,0,0,0,0,1,0,1,0,1,1,1,0,0,1,0,0,0,0,0,0,0,0,0,0,1,1,1,0,0,0,0,1,0,1,0,0,0,1,0,0,0,0,1,0,1,0,0,1,0,0,1,0,0,1,1,0,0,1,1,0,0,0,0,0,1,0,0,0,1,1,1,0,0,0,0,1,0,1,0,1,1,0,1,0,0,1,0,0,1,1,0,1,0,0,1,0,1,0
165,40.0,5400,6,7,1926,2004,0.0,370,0,779,1149,1149,467,1616,0,0,2,0,3,1,5,0,1926.0,1,216,0,0,183,0,10,2007,152000,0,0,0,0,0,1,0,1,1,1,1,0,0,1,0,0,0,0,0,0,1,0,0,0,1,1,1,0,0,1,0,1,0,1,0,1,0,0,0,0,1,0,0,0,0,1,0,0,1,1,0,1,0,0,0,0,1,1,0,0,1,0,0,0,0,1,0,0,1,1,0,1,0,0,1,0,0,1,0,1,0,0,0,0,1,0,0,1,1,1,0,1,0,0,1,0,1,0
1139,70.04995836802665,9819,6,5,1977,1977,0.0,1567,0,0,1567,1567,0,1567,1,0,2,0,2,1,5,2,1977.0,2,714,264,32,0,0,5,2009,196000,1,0,0,0,1,0,1,0,1,1,0,0,1,0,0,0,0,0,0,0,0,0,0,0,1,1,1,0,0,1,0,1,0,1,0,0,1,0,0,0,0,0,0,0,0,1,0,0,1,0,1,0,0,1,0,0,1,1,0,1,0,0,1,0,0,0,0,0,1,1,0,0,1,0,0,1,0,1,0,1,0,1,1,0,0,0,1,0,1,1,0,1,0,0,1,0,1,0
638,50.0,6000,5,4,1954,1954,0.0,0,0,811,811,811,576,1387,0,0,2,0,3,2,7,0,1954.0,1,256,0,0,0,0,11,2009,93000,0,0,0,0,0,1,0,1,1,1,0,0,1,1,0,0,0,0,0,0,1,0,0,0,1,1,0,0,1,0,0,1,0,1,0,0,0,0,1,0,0,0,0,1,0,1,0,0,1,0,1,0,1,0,0,0,1,1,0,0,0,1,0,0,0,0,0,1,1,1,0,0,1,0,1,0,0,1,0,1,0,0,0,1,0,0,0,1,1,1,0,1,0,0,1,0,1,0
654,60.0,10320,6,7,1906,1995,0.0,0,0,756,756,756,713,1469,0,0,1,0,3,1,7,0,1906.0,1,216,57,0,239,0,6,2008,135000,0,1,0,0,0,1,0,1,1,1,0,0,1,1,0,0,0,0,0,0,0,0,0,0,1,1,1,0,1,0,0,1,0,1,0,1,0,0,0,0,1,0,0,0,0,1,0,0,1,0,1,0,1,0,0,0,1,1,0,0,0,1,0,0,0,0,0,1,1,1,1,0,0,0,0,1,0,0,1,1,0,0,0,0,1,0,0,1,1,1,0,1,1,0,1,0,1,0
188,60.0,10410,5,7,1916,1987,0.0,0,0,660,660,808,704,1656,0,0,2,1,3,1,8,0,1916.0,1,180,0,0,0,0,8,2009,135000,0,1,0,0,1,0,0,1,1,1,0,0,1,1,0,0,0,0,0,0,1,0,0,0,1,1,1,0,1,0,0,1,0,1,1,0,0,0,0,1,0,0,0,0,0,1,0,0,1,0,1,0,1,0,0,0,0,1,0,0,0,1,0,0,0,0,0,1,1,1,1,0,0,0,0,1,0,0,1,0,0,0,0,0,1,0,0,1,0,0,1,0,1,0,1,0,1,0
1005,43.0,3182,7,5,2005,2006,16.0,16,0,1330,1346,1504,0,1504,0,0,2,0,1,1,7,1,2005.0,2,457,156,0,0,0,5,2009,181000,0,0,0,1,1,0,0,1,1,1,0,0,1,1,0,0,0,0,0,0,0,0,0,0,1,1,0,1,0,1,0,1,0,1,0,0,0,1,0,0,0,0,1,0,1,0,0,1,0,0,1,0,0,1,0,1,0,1,0,0,0,1,0,0,1,0,0,0,1,1,1,0,0,0,0,1,0,1,0,1,1,0,1,0,0,1,0,0,1,1,0,1,0,0,1,0,1,0
1170,118.0,35760,10,5,1995,1996,1378.0,1387,0,543,1930,1831,1796,3627,1,0,3,1,4,1,10,1,1995.0,3,807,361,76,0,0,7,2006,625000,0,0,1,0,1,0,1,0,1,1,0,1,0,1,0,0,0,0,0,0,0,0,0,0,1,1,1,0,0,0,1,0,1,1,1,0,0,0,0,1,0,0,0,0,1,0,0,1,0,1,0,0,0,1,1,0,0,1,0,1,0,0,0,0,1,0,0,0,1,1,1,0,0,0,0,1,0,1,0,1,0,1,1,0,0,1,0,0,1,1,0,1,0,0,1,0,1,0
834,100.0,10004,6,6,1964,1964,180.0,196,345,975,1516,1516,0,1516,0,0,1,1,3,1,6,0,1964.0,2,472,0,0,0,152,2,2009,167000,1,0,0,0,1,0,0,1,1,1,0,0,1,1,0,0,0,1,0,0,0,0,0,0,1,1,1,0,0,1,0,1,0,1,1,0,0,0,0,0,0,1,0,0,1,0,0,0,1,0,1,0,1,0,0,0,1,1,0,0,0,1,0,0,0,0,1,0,0,1,0,0,1,0,0,1,0,0,1,1,0,0,1,0,0,0,1,0,1,1,0,1,0,0,1,0,1,0
296,37.0,7937,6,6,1984,1984,0.0,819,0,184,1003,1003,0,1003,1,0,1,0,3,1,6,0,1984.0,2,588,120,0,0,0,3,2006,142500,0,0,0,0,1,0,1,0,1,1,0,1,0,1,0,0,0,0,0,0,0,0,0,0,1,1,1,0,0,0,0,1,0,1,1,0,0,0,0,1,0,0,0,0,0,1,0,0,1,0,1,0,1,0,0,0,1,1,1,0,0,0,0,0,1,0,0,0,1,1,0,0,1,0,0,1,0,0,1,1,0,0,0,0,1,0,0,1,1,1,0,1,0,0,1,0,1,0
955,35.0,9400,6,5,1975,1975,250.0,945,0,0,945,980,0,980,0,2,2,0,4,0,4,0,1978.5061638868744,0,0,0,0,0,0,10,2006,127500,0,0,0,0,1,0,1,0,1,1,0,1,0,1,0,1,0,0,0,0,0,0,0,0,1,1,0,0,0,0,0,0,0,0,0,0,0,0,0,0,0,1,0,0,1,0,0,0,1,0,1,0,1,0,0,1,0,0,0,1,0,0,0,0,1,0,0,0,1,1,0,0,1,0,0,1,0,0,1,1,0,0,0,0,0,0,0,0,0,0,0,1,0,0,1,0,0,0
1157,85.0,9350,5,8,1965,1999,0.0,633,0,586,1219,1265,0,1265,0,1,2,0,3,1,6,1,1965.0,2,502,0,92,0,0,10,2008,179900,0,0,0,0,1,0,0,1,1,1,0,0,1,1,0,0,0,1,0,0,0,0,0,0,1,1,1,0,0,0,0,1,0,1,0,0,0,0,0,0,0,0,0,0,0,1,0,0,1,1,0,0,0,1,0,0,1,1,0,1,0,0,1,0,0,0,0,0,1,1,0,1,0,0,0,1,0,1,0,1,1,0,1,0,0,0,1,0,1,1,0,1,1,0,1,0,1,0
1219,52.0,6240,4,5,1947,1950,0.0,0,0,0,0,672,240,912,0,0,1,0,2,1,3,0,1978.5061638868744,0,0,0,0,0,0,7,2006,80500,0,1,0,0,0,1,0,1,1,1,0,0,1,1,0,0,0,0,0,0,0,0,0,0,1,1,1,0,1,0,0,1,0,1,0,0,0,0,0,0,0,0,0,0,0,1,0,0,1,0,1,0,0,0,0,0,0,0,0,0,0,0,0,0,0,0,0,0,0,1,0,1,0,1,0,1,0,0,1,1,0,0,0,0,0,0,0,0,0,0,1,0,0,0,1,0,1,0
322,99.0,12099,8,5,2004,2004,388.0,970,0,166,1136,1136,1332,2468,1,0,2,1,4,1,10,1,2004.0,3,872,184,154,0,0,6,2007,354000,0,0,1,0,1,0,1,0,1,1,0,0,1,1,0,0,0,0,0,1,0,0,0,0,1,1,1,0,0,0,1,1,0,1,0,0,0,1,0,0,0,0,1,0,1,0,0,1,0,0,1,0,0,1,1,0,0,1,1,0,0,0,0,0,1,0,0,0,1,1,1,0,0,0,0,1,0,1,0,1,1,0,0,1,0,1,0,0,1,1,0,1,0,0,1,0,1,0
990,65.0,8125,7,5,2006,2006,0.0,0,0,770,770,778,798,1576,0,0,2,1,3,1,6,0,2006.0,2,614,0,50,0,0,8,2006,197000,0,0,1,0,0,0,0,1,1,1,0,0,1,1,0,0,0,0,0,0,0,0,1,0,1,1,1,0,0,0,1,1,0,1,0,0,0,1,0,0,0,0,1,0,0,1,0,1,0,0,1,0,0,1,0,1,0,0,0,0,0,1,0,0,0,0,0,1,1,1,1,0,0,0,0,1,0,1,0,1,0,0,1,0,0,0,1,0,1,1,0,1,0,1,0,0,0,1
254,85.0,9350,6,7,1964,1991,108.0,270,580,452,1302,1302,0,1302,0,1,2,0,3,1,7,0,1964.0,1,309,333,0,0,0,10,2007,158000,0,0,0,0,1,0,0,1,1,1,0,0,1,1,0,0,0,1,0,0,0,0,0,0,1,1,1,0,0,0,0,0,1,1,1,0,0,0,0,1,0,0,0,0,1,0,0,0,1,0,1,0,1,0,0,1,0,1,0,1,0,0,0,0,0,1,0,0,0,1,1,0,0,0,0,1,0,1,0,0,0,0,1,0,0,0,1,0,1,1,0,1,1,0,0,0,1,0
1137,80.0,9600,6,5,1950,1950,0.0,280,0,752,1032,1032,220,1252,0,0,1,0,3,1,6,0,1950.0,1,288,0,0,96,0,4,2008,119000,0,1,0,0,1,0,0,1,1,1,0,0,1,1,0,0,0,1,0,0,0,0,0,0,1,1,1,0,1,0,0,1,0,1,0,0,0,1,0,0,0,0,1,0,0,1,0,0,1,0,1,0,1,0,0,0,1,1,0,0,0,1,0,1,0,0,0,0,1,1,0,0,1,0,1,0,0,0,1,1,0,0,1,0,0,0,0,1,1,1,0,1,0,0,1,1,0,0
358,44.0,4224,5,5,1976,1976,0.0,874,0,268,1142,1142,0,1142,1,0,1,1,3,1,6,1,1976.0,2,528,536,90,0,0,8,2007,134000,0,0,0,1,0,1,0,1,1,1,0,0,1,1,0,0,0,0,0,0,0,0,0,0,1,1,0,1,0,1,0,1,0,1,0,0,0,0,0,0,0,0,0,0,0,1,0,0,1,0,1,0,0,1,0,1,0,1,0,0,0,1,1,0,0,0,0,0,1,1,0,0,1,0,0,1,0,0,1,1,0,0,1,0,0,1,0,0,1,1,0,1,1,0,1,0,1,0
621,45.0,8248,3,3,1914,1950,0.0,41,0,823,864,864,0,864,1,0,1,0,2,1,5,0,1978.5061638868744,0,0,0,0,100,0,9,2008,67000,0,0,0,0,1,0,0,1,1,1,0,0,1,1,0,1,0,0,0,0,0,0,0,0,1,1,1,0,0,1,0,1,0,1,0,0,0,0,0,0,0,0,0,0,0,1,0,0,1,0,1,1,0,0,0,0,1,1,0,0,0,1,0,1,0,0,0,0,1,1,0,0,1,1,0,0,0,0,1,1,0,0,0,0,0,0,0,0,0,0,1,0,0,0,1,0,1,0
1336,80.0,9650,6,5,1977,1977,360.0,686,0,664,1350,1334,0,1334,0,1,2,0,2,1,6,1,1977.0,2,630,0,16,0,0,4,2009,167900,1,0,0,0,1,0,0,1,1,1,0,0,1,1,0,0,0,0,1,0,0,0,0,0,1,1,1,0,0,1,0,1,0,1,0,0,1,0,0,0,0,1,0,0,1,0,0,0,1,0,1,0,1,0,0,1,0,1,0,0,0,1,1,0,0,0,0,0,1,1,0,0,1,0,0,1,0,0,1,1,0,1,1,0,0,0,1,0,1,1,0,1,0,0,1,0,1,0
23,75.0,9742,8,5,2002,2002,281.0,0,0,1777,1777,1795,0,1795,0,0,2,0,3,1,7,1,2002.0,2,534,171,159,0,0,9,2008,230000,1,0,0,0,1,0,0,1,1,1,0,0,1,1,1,0,0,0,0,0,0,0,0,0,1,1,1,0,0,1,0,0,1,1,0,0,0,1,0,0,0,0,1,0,1,0,0,1,0,0,1,0,0,1,0,1,0,1,0,0,0,1,0,0,0,0,0,1,1,1,1,0,0,0,0,1,0,1,0,1,1,0,1,0,0,0,1,0,1,1,0,1,0,0,1,0,1,0
1431,60.0,21930,5,5,2005,2005,0.0,0,0,732,732,734,1104,1838,0,0,2,1,4,1,7,1,2005.0,2,372,100,40,0,0,7,2006,192140,0,0,1,0,1,0,0,0,1,1,0,0,1,1,0,0,1,0,0,0,0,0,0,0,0,1,1,0,0,0,1,1,0,1,0,0,0,1,0,0,0,0,1,0,0,1,0,1,0,0,1,0,0,1,0,1,0,0,1,0,0,0,0,0,0,0,0,1,1,1,1,0,0,0,0,1,0,0,1,1,1,0,0,1,0,1,0,0,1,1,0,1,0,0,1,0,1,0
900,65.0,6993,5,7,1961,1994,0.0,465,0,447,912,1236,0,1236,0,0,1,0,3,1,6,1,1961.0,1,288,0,0,0,0,6,2006,135000,1,0,0,0,1,0,0,1,1,1,0,0,1,1,0,0,0,0,0,0,0,1,0,1,0,1,1,0,0,1,0,1,0,1,1,0,0,0,0,0,0,1,0,0,0,1,0,0,1,0,1,0,1,0,0,0,1,1,0,0,0,1,0,1,0,0,0,0,1,1,0,0,1,0,0,1,0,0,1,1,0,1,1,0,0,0,0,1,1,1,0,1,0,0,1,0,1,0
781,63.0,7875,7,5,1995,1996,38.0,0,0,1237,1237,1253,0,1253,0,0,2,0,3,1,6,1,1995.0,2,402,220,21,0,0,6,2007,176000,1,0,0,0,1,0,0,1,1,1,0,0,1,1,0,0,1,0,0,0,0,0,0,0,1,1,1,0,0,1,0,1,0,1,1,0,0,0,0,1,0,0,0,0,1,0,0,0,1,0,1,0,0,1,0,1,0,0,0,0,0,1,0,0,0,0,0,1,1,1,0,1,0,0,0,1,0,0,1,1,0,1,1,0,0,1,0,0,1,1,0,1,0,0,1,0,1,0
937,67.0,10083,7,5,2003,2003,103.68526170798899,833,0,343,1176,1200,0,1200,1,0,2,0,2,1,5,0,2003.0,2,555,0,41,0,0,8,2009,184900,1,0,0,0,1,0,0,1,1,1,0,0,1,1,0,0,0,0,0,0,0,0,0,0,1,1,1,0,0,1,0,1,0,1,0,0,0,1,0,0,0,0,1,0,0,0,0,1,0,0,1,0,0,1,0,1,0,1,0,0,0,1,0,0,1,0,0,0,1,1,1,0,0,0,0,1,0,1,0,1,0,0,1,0,0,0,1,0,1,1,0,1,0,0,1,0,1,0
941,55.0,12640,6,5,1976,1976,0.0,936,396,396,1728,1728,0,1728,0,0,2,0,4,2,8,0,1976.0,2,574,40,0,0,0,7,2006,150900,0,0,0,0,1,0,1,0,1,1,0,0,1,1,0,0,0,0,0,0,0,0,0,0,1,1,0,0,0,1,0,1,0,1,0,0,1,0,0,0,0,1,0,0,0,1,0,0,1,0,1,0,1,0,0,0,1,1,0,1,0,0,0,0,0,0,1,0,0,1,0,0,1,0,0,1,0,0,1,1,0,0,1,0,0,0,0,1,1,1,0,1,0,0,1,0,1,0
970,75.0,10382,6,5,1958,1958,105.0,513,0,75,588,1095,0,1095,1,0,1,0,2,1,6,0,1958.0,1,264,0,0,0,0,3,2006,140000,0,0,0,0,1,0,0,1,1,1,0,0,1,1,0,0,0,1,0,0,0,0,0,0,1,1,0,0,0,0,0,0,1,1,1,0,0,0,0,1,0,0,0,0,1,0,0,0,1,0,0,0,1,0,0,0,1,1,0,1,0,0,1,0,0,0,0,0,1,1,0,0,1,0,0,1,0,0,1,1,0,0,1,0,0,0,1,0,1,1,0,1,0,0,0,0,1,0
509,60.0,9600,7,9,1928,2005,0.0,141,0,548,689,689,689,1378,0,0,2,0,3,1,7,1,1928.0,2,360,0,0,116,0,10,2008,161000,0,0,0,0,0,1,0,1,1,1,0,0,1,1,0,0,0,0,0,0,1,0,0,0,1,1,1,0,0,0,1,0,0,1,0,1,0,0,0,0,1,0,0,0,0,1,0,0,1,0,0,1,0,0,0,0,1,1,0,0,0,1,0,0,0,0,1,0,1,1,1,0,0,0,0,1,0,1,0,1,1,0,0,0,1,0,0,1,1,1,1,0,0,0,1,0,1,0
185,92.0,7438,5,8,1908,1991,0.0,0,0,504,504,936,316,1252,0,0,1,0,3,1,5,0,1986.0,2,576,104,0,0,0,6,2006,127000,0,1,0,0,1,0,1,0,1,1,0,0,1,1,0,0,0,0,0,0,0,0,0,0,0,0,1,0,1,0,0,1,0,1,0,0,0,0,0,0,0,1,0,0,0,1,0,0,1,0,1,0,0,1,0,0,0,1,0,0,0,1,0,0,0,0,0,1,1,1,0,1,0,0,0,1,0,0,1,1,0,0,1,0,0,0,0,1,1,1,0,1,1,0,1,0,1,0
502,75.0,9803,7,5,2005,2005,0.0,400,0,466,866,866,902,1768,0,0,2,1,3,1,7,0,2005.0,2,603,0,108,0,0,2,2008,226700,0,0,1,0,0,0,0,1,1,1,0,0,1,1,0,0,0,0,0,0,0,0,1,0,1,1,1,0,0,0,1,1,0,1,0,0,0,1,0,0,0,0,1,0,0,1,0,1,0,0,1,0,0,1,0,1,0,1,0,0,0,1,0,0,1,0,0,0,1,1,0,1,0,0,0,1,0,1,0,1,0,0,1,0,0,0,1,0,1,1,0,1,0,0,1,0,1,0
1159,92.0,11932,8,5,2007,2008,186.0,0,0,1580,1580,1580,0,1580,0,0,2,0,3,1,7,0,2008.0,3,830,0,24,0,0,6,2008,235128,1,0,0,0,1,0,0,1,1,1,0,0,0,1,0,0,0,0,0,0,0,0,1,1,0,1,1,0,0,1,0,1,0,1,0,0,0,1,0,0,0,0,1,0,0,0,1,1,0,0,1,0,0,1,0,1,0,1,0,0,0,1,0,0,0,0,0,1,1,1,1,0,0,0,0,1,0,1,0,1,0,0,1,0,0,0,1,0,1,1,0,1,0,0,0,0,0,1
258,68.0,8814,7,5,2006,2006,180.0,1334,0,270,1604,1604,0,1604,1,0,2,1,3,1,8,1,2006.0,2,660,123,110,0,0,3,2009,220000,1,0,0,0,1,0,0,1,1,1,0,0,1,1,1,0,0,0,0,0,0,0,0,0,1,1,1,0,0,1,0,1,0,1,0,0,0,1,0,0,0,0,1,0,0,0,1,1,0,0,1,0,0,1,0,1,0,1,0,0,0,1,0,0,1,0,0,0,1,1,1,0,0,0,0,1,0,1,0,1,1,0,1,0,0,0,1,0,1,1,0,1,0,0,1,1,0,0
385,70.04995836802665,53107,6,5,1992,1992,0.0,985,0,595,1580,1079,874,1953,1,0,2,1,3,1,9,2,1992.0,2,501,216,231,0,0,6,2007,240000,0,0,1,0,1,0,0,0,0,1,1,0,0,0,0,0,0,0,0,0,0,0,0,1,0,1,1,0,0,0,1,1,0,1,1,0,0,0,0,1,0,0,0,0,0,1,0,1,0,0,1,0,0,1,0,1,0,1,1,0,0,0,0,0,1,0,0,0,1,1,1,0,0,0,0,1,0,1,0,1,0,0,1,0,0,1,0,0,1,1,0,1,0,0,1,0,1,0
72,69.0,7599,4,6,1982,2006,0.0,565,0,280,845,845,0,845,1,0,1,0,2,1,4,0,1987.0,2,360,0,0,0,0,6,2007,129500,1,0,0,0,1,0,0,1,1,1,1,0,0,1,0,0,0,0,0,0,0,0,0,0,1,1,1,0,0,1,0,1,0,1,1,0,0,0,0,0,0,1,0,0,0,1,0,0,1,0,1,0,1,0,0,0,1,1,0,0,0,1,1,0,0,0,0,0,1,1,0,0,1,0,0,1,0,0,1,1,0,0,0,0,1,0,0,1,1,1,0,1,0,0,1,0,1,0
1057,43.0,7052,7,5,2005,2005,240.0,659,0,705,1364,1364,0,1364,1,0,2,0,2,1,6,1,2005.0,2,484,192,36,0,0,6,2006,185850,0,0,0,1,1,0,1,0,1,1,0,0,1,1,0,0,0,0,0,1,0,0,0,0,1,1,0,1,0,1,0,1,0,1,0,0,0,1,0,0,0,0,1,0,0,0,1,1,0,0,1,0,0,1,0,1,0,1,1,0,0,0,0,0,1,0,0,0,1,1,1,0,0,0,0,1,0,1,0,1,1,0,1,0,0,0,1,0,1,1,0,1,0,0,1,0,1,0
672,54.0,6629,6,6,1925,1950,0.0,551,0,121,672,697,672,1369,1,0,2,0,3,1,6,0,1930.0,1,300,147,0,0,0,7,2009,103600,0,0,0,0,0,0,0,1,1,1,0,0,1,1,0,1,0,0,0,0,0,0,0,0,0,1,1,0,0,0,1,0,0,1,0,0,0,0,1,0,0,0,0,1,0,1,0,0,1,1,0,1,0,0,0,0,1,1,0,0,0,1,0,1,0,0,0,0,1,1,0,0,1,1,0,1,0,0,1,1,0,0,0,0,1,0,0,1,1,1,0,1,0,0,1,0,1,0
1037,89.0,12898,9,5,2007,2008,70.0,1022,0,598,1620,1620,0,1620,1,0,2,0,2,1,6,1,2008.0,3,912,228,0,0,0,9,2009,315500,1,0,0,0,1,0,1,0,0,1,0,0,1,1,0,0,0,0,0,0,0,0,0,0,1,1,1,0,0,1,0,0,1,1,0,0,0,1,0,0,0,0,1,0,0,0,1,1,0,0,1,0,0,1,1,0,0,1,0,1,0,0,0,0,1,0,0,0,1,1,1,0,0,0,0,1,1,0,0,1,0,0,1,0,0,1,0,0,1,1,0,1,0,0,1,0,1,0
898,64.0,7018,5,5,1979,1979,0.0,0,0,0,0,1120,1120,2240,0,0,2,0,6,2,12,0,1979.0,2,528,154,0,0,0,6,2009,142953,0,0,0,0,1,0,0,1,1,1,0,0,1,1,0,0,0,0,0,0,0,0,0,1,0,1,0,0,0,0,1,1,0,1,0,0,1,0,0,0,0,1,0,0,0,1,0,0,1,0,1,0,0,0,0,0,0,0,0,0,0,0,0,0,0,0,0,0,0,1,0,0,1,0,0,1,0,0,1,1,0,0,0,0,1,0,0,1,1,1,0,1,0,0,1,0,0,0
118,74.0,8536,5,5,2006,2007,0.0,0,0,1125,1125,1125,0,1125,0,0,1,1,2,1,5,0,2007.0,2,430,80,64,0,0,4,2007,155000,1,0,0,0,1,0,0,1,1,1,1,0,0,1,0,1,0,0,0,0,0,0,0,0,1,1,1,0,0,1,0,1,0,1,0,0,0,1,0,0,0,0,1,0,0,1,0,0,1,0,1,0,0,1,0,1,0,1,0,0,0,1,0,0,0,0,0,1,1,1,0,1,0,0,0,1,0,0,1,1,0,0,1,0,0,0,0,1,1,1,0,1,0,1,0,0,0,1
1308,60.0,8072,5,5,1994,1995,0.0,746,0,244,990,990,0,990,1,0,1,0,3,1,5,0,2000.0,2,480,0,64,0,0,5,2009,138000,1,0,0,0,1,0,0,1,1,1,0,0,1,1,1,0,0,0,0,0,0,0,0,0,1,1,1,0,0,1,0,1,0,1,0,0,0,1,0,0,0,0,1,0,0,1,0,0,1,1,0,0,0,1,0,1,0,0,0,0,0,1,1,0,0,0,0,0,1,1,1,0,0,0,0,1,0,0,1,1,0,0,0,0,1,0,0,1,1,1,0,1,0,0,1,0,1,0
1009,43.0,12118,7,5,2004,2005,108.0,0,0,1710,1710,1710,0,1710,0,0,2,0,3,1,7,1,2004.0,2,550,100,48,0,180,4,2009,240000,1,0,0,0,1,0,1,0,1,1,0,1,0,1,0,0,0,0,0,0,0,0,0,0,1,1,1,0,0,1,0,0,1,1,0,0,0,1,0,0,0,0,1,0,0,0,1,1,0,0,1,0,0,1,1,0,0,1,0,0,1,0,0,0,0,0,0,1,1,1,1,0,0,0,0,1,0,1,0,1,1,0,1,0,0,1,0,0,1,1,0,1,0,0,1,0,1,0
1233,70.0,9842,4,5,1962,1962,0.0,0,0,0,0,1224,0,1224,0,0,2,0,2,2,6,0,1962.0,2,462,0,0,0,0,3,2007,101800,0,0,0,0,1,0,0,1,1,1,0,0,0,1,0,0,0,1,0,0,0,0,0,0,1,1,0,0,0,1,0,1,0,1,1,0,0,0,0,1,0,0,0,0,0,1,0,0,1,0,1,0,0,0,0,0,0,0,0,0,0,0,0,0,0,0,0,0,0,1,0,0,1,0,0,1,0,0,1,1,0,0,0,0,0,0,0,1,1,1,0,1,0,0,1,0,1,0
463,60.0,8281,5,5,1965,1965,0.0,553,311,0,864,864,0,864,0,0,1,0,3,1,5,1,1965.0,1,360,0,0,236,0,12,2009,62383,1,0,0,0,1,0,1,0,1,1,0,0,1,1,0,0,0,0,0,0,0,1,0,0,1,1,1,0,0,1,0,1,0,1,0,1,0,0,0,0,1,0,0,0,0,1,0,0,1,0,1,0,1,0,0,0,1,1,0,0,0,1,0,0,0,0,1,0,0,1,0,1,0,0,0,1,0,0,1,1,0,0,0,0,1,0,0,1,1,1,0,1,0,0,1,0,1,0
375,65.0,8200,7,5,2003,2004,0.0,0,0,847,847,847,1081,1928,0,0,2,1,4,1,8,1,2003.0,2,434,100,48,0,0,7,2007,219500,0,0,1,0,1,0,0,1,1,1,0,0,1,1,1,0,0,0,0,0,0,0,0,0,1,1,1,0,0,0,1,1,0,1,0,0,0,1,0,0,0,0,1,0,0,1,0,1,0,0,1,0,0,1,0,1,0,1,0,0,0,1,0,0,0,0,0,1,1,1,1,0,0,0,0,1,0,1,0,1,1,0,0,1,0,1,0,0,1,1,0,1,0,0,1,0,1,0
1415,64.0,13053,6,7,1923,2000,0.0,0,0,833,833,1053,795,1848,0,0,1,1,4,1,8,1,1922.0,2,370,0,0,0,220,6,2008,207000,0,1,0,0,1,0,0,1,0,1,0,0,1,1,0,0,0,0,0,0,0,0,0,0,1,1,1,0,1,0,0,0,0,1,0,0,0,0,1,0,0,0,0,1,0,1,0,0,1,0,1,1,0,0,0,0,1,1,0,0,0,1,0,0,0,0,0,1,1,1,0,1,0,0,0,1,0,1,0,1,1,0,0,0,1,0,0,1,1,1,1,0,0,0,1,0,1,0
559,57.0,21872,7,5,1996,1997,0.0,604,0,125,729,729,717,1446,0,1,2,1,3,1,6,1,1996.0,2,406,264,22,0,0,8,2008,175000,0,0,1,0,1,0,0,0,0,1,0,0,0,1,0,0,1,0,0,0,0,0,0,0,1,1,1,0,0,0,1,1,0,1,1,0,0,0,0,1,0,0,0,0,0,1,0,0,1,0,1,0,0,1,0,1,0,1,0,1,0,0,0,0,1,0,0,0,1,1,1,0,0,0,0,1,0,0,1,1,0,1,1,0,0,0,0,1,1,1,0,1,0,0,1,0,1,0
261,120.0,19296,6,5,1962,1962,399.0,672,690,0,1362,1382,0,1382,1,0,1,0,3,1,6,1,1991.0,2,884,0,0,252,0,5,2009,176000,0,0,0,0,1,0,0,1,1,1,1,0,0,1,0,0,0,1,0,0,0,0,0,0,0,1,1,0,0,0,0,1,0,1,0,0,0,0,1,0,0,0,0,1,1,0,0,0,1,0,1,0,1,0,0,0,1,1,0,1,0,0,0,0,0,0,1,0,0,1,0,0,1,0,0,1,0,0,1,1,0,1,1,0,0,0,0,1,1,1,0,1,0,0,1,0,1,0
143,71.0,8520,5,4,1952,1952,0.0,507,0,403,910,910,475,1385,0,0,2,0,4,1,6,0,2000.0,2,720,0,0,0,0,6,2010,166000,0,1,0,0,1,0,0,1,1,1,1,0,0,1,0,0,0,1,0,0,0,0,0,0,0,1,1,0,1,0,0,1,0,1,0,0,0,0,0,0,0,0,0,1,0,1,0,0,1,0,0,0,1,0,0,0,1,1,0,0,0,1,0,0,0,0,1,0,1,1,0,0,0,0,0,1,0,0,1,1,0,0,0,0,1,0,0,1,1,1,0,1,1,0,1,0,1,0
318,75.0,9000,8,5,2006,2006,0.0,0,0,1088,1088,1088,871,1959,0,0,2,1,3,1,8,1,2006.0,3,1025,208,46,0,0,12,2007,270000,0,0,1,0,0,0,0,1,1,1,0,0,1,1,0,0,0,0,0,0,0,0,1,0,1,1,1,0,0,0,1,1,0,1,0,0,0,1,0,0,0,0,1,0,0,1,0,1,0,0,1,0,0,1,0,1,0,1,1,0,0,0,0,0,0,0,0,1,1,1,1,0,0,0,0,1,0,1,0,1,1,0,1,0,0,0,1,0,1,1,0,1,0,0,1,0,1,0
1076,75.0,13125,7,6,1940,1984,0.0,410,0,390,800,960,780,1740,0,0,1,1,3,1,6,2,1940.0,1,240,0,0,0,0,7,2007,219500,0,0,0,0,1,0,0,1,1,1,0,0,1,1,0,0,0,0,0,0,0,0,0,0,1,1,1,0,0,0,1,1,0,1,0,0,0,0,1,0,0,0,0,1,0,1,0,0,1,0,1,0,1,0,0,0,1,1,0,0,0,1,0,1,0,0,0,0,1,1,0,0,1,0,0,1,0,0,1,1,1,0,1,0,0,0,0,1,1,1,0,1,0,0,0,0,1,0
1112,80.0,10480,7,6,1976,1976,660.0,403,0,400,803,1098,866,1964,0,0,2,1,4,1,8,1,1976.0,2,483,0,69,0,0,9,2008,205000,0,0,1,0,1,0,0,1,1,1,0,0,1,1,0,0,0,0,1,0,0,0,0,0,1,1,1,0,0,0,1,0,1,1,0,0,1,0,0,0,0,1,0,0,1,0,0,0,1,0,1,0,1,0,0,0,1,1,0,0,0,1,1,0,0,0,0,0,1,1,0,0,1,0,0,1,0,0,1,1,1,0,1,0,0,0,1,0,1,1,0,1,0,0,1,0,1,0
1145,60.0,12180,4,4,1941,1950,0.0,348,0,324,672,672,252,924,1,0,1,0,2,1,5,0,1941.0,1,280,0,0,0,0,7,2010,80000,0,0,0,0,1,0,0,1,1,1,0,0,1,1,0,1,0,0,0,0,0,0,0,0,1,1,0,0,1,0,0,1,0,1,0,1,0,0,0,0,1,0,0,0,0,1,0,0,1,0,0,1,0,0,0,1,0,1,0,0,0,1,0,1,0,0,0,0,1,0,0,0,0,1,1,0,0,0,0,1,0,0,0,0,1,0,0,1,1,1,0,1,1,0,1,0,1,0
1224,89.0,10680,5,3,1951,1951,44.0,756,0,1380,2136,2136,0,2136,0,0,2,0,4,1,7,0,1951.0,2,528,0,30,0,0,10,2006,137900,1,0,0,0,1,0,0,1,1,1,0,0,1,1,0,0,0,1,0,0,0,0,0,0,1,1,1,0,0,1,0,0,1,1,0,0,0,0,1,0,0,0,0,1,1,0,0,0,1,0,1,0,1,0,0,0,1,0,0,0,0,1,0,0,0,1,0,0,1,1,0,0,1,1,1,0,0,0,1,0,0,0,0,0,1,0,0,1,1,1,0,1,1,0,1,0,1,0
1055,90.0,11367,8,5,2002,2002,210.0,932,0,133,1065,1091,898,1989,1,0,2,1,3,1,7,1,2002.0,2,586,199,60,0,0,11,2006,255000,0,0,1,0,1,0,0,1,1,1,1,0,0,1,1,0,0,0,0,0,0,0,0,0,1,1,1,0,0,0,1,1,0,1,0,0,0,1,0,0,0,0,1,0,1,0,0,1,0,0,1,0,0,1,0,1,0,1,0,0,1,0,0,0,1,0,0,0,1,1,1,0,0,0,0,1,0,1,0,1,1,0,1,0,0,1,0,0,1,1,0,1,0,0,1,0,1,0
1450,21.0,1533,5,7,1970,1970,0.0,553,0,77,630,630,0,630,1,0,1,0,1,1,3,0,1978.5061638868744,0,0,0,0,0,0,8,2006,92000,0,0,0,0,0,1,0,1,1,1,0,0,1,1,0,0,0,0,0,0,0,0,0,0,1,1,0,0,0,0,0,1,0,1,0,0,0,0,0,0,0,0,0,0,0,1,0,0,1,0,1,0,1,0,0,1,0,1,1,0,0,0,0,0,1,0,0,0,1,1,1,0,0,0,0,1,1,0,0,1,0,0,0,0,0,0,0,0,0,0,0,1,0,0,1,1,0,0
1070,60.0,9600,5,7,1949,2003,0.0,220,0,625,845,893,0,893,0,1,1,0,2,1,4,0,1985.0,2,576,0,0,0,0,5,2007,135000,0,0,0,0,1,0,0,1,1,1,0,0,1,1,0,0,0,1,0,0,0,0,0,0,1,1,1,0,0,0,0,1,0,1,0,1,0,0,0,0,1,0,0,0,0,1,0,0,1,0,1,0,1,0,0,0,1,1,0,0,0,1,1,0,0,0,0,0,1,1,0,0,1,0,0,1,0,1,0,1,0,0,0,0,1,0,0,1,1,1,0,1,0,0,1,0,1,0
11,70.0,11200,5,5,1965,1965,0.0,906,0,134,1040,1040,0,1040,1,0,1,0,3,1,5,0,1965.0,1,384,0,0,0,0,2,2008,129500,1,0,0,0,1,0,0,1,1,1,0,0,1,1,0,0,0,0,0,0,0,1,0,0,1,1,1,0,0,1,0,0,1,1,1,0,0,0,0,1,0,0,0,0,0,1,0,0,1,0,1,0,1,0,0,0,1,1,0,0,0,1,0,0,0,0,1,0,1,1,1,0,0,0,0,1,0,0,1,1,0,0,0,0,1,0,0,1,1,1,0,1,0,0,1,0,1,0
682,55.0,4500,5,5,1932,2000,0.0,182,0,611,793,848,672,1520,0,0,1,0,3,1,6,0,1968.0,1,281,0,0,56,0,7,2009,159434,0,1,0,0,0,0,0,0,0,1,0,0,1,1,0,0,0,0,0,0,0,0,0,0,1,1,1,0,1,0,0,1,0,1,0,0,0,1,0,0,0,0,0,0,0,1,0,0,1,0,1,1,0,0,0,0,1,1,0,0,0,1,0,0,0,0,1,0,1,1,1,0,0,0,0,1,0,0,1,1,0,0,0,0,1,0,0,1,1,1,0,1,0,0,1,1,0,0
421,78.0,7060,7,5,1997,1998,200.0,1309,0,35,1344,1344,0,1344,2,0,2,0,2,2,8,0,1997.0,4,784,0,0,0,0,11,2008,206300,0,0,0,0,0,1,0,1,1,1,0,0,1,1,0,0,0,0,0,0,0,0,0,0,1,1,0,0,0,0,0,1,0,1,0,0,0,1,0,0,0,0,1,0,1,0,0,0,1,1,0,0,0,1,0,1,0,0,0,1,0,0,0,0,1,0,0,0,1,1,1,0,0,0,0,1,0,0,1,1,0,0,1,0,0,1,0,0,1,1,0,1,0,0,1,0,0,0
1187,107.0,10615,3,5,1900,1970,0.0,440,0,538,978,1014,685,1699,1,0,2,0,3,2,7,0,1920.0,2,420,0,74,0,0,8,2009,95000,0,0,0,0,1,0,1,0,0,1,1,0,0,0,0,0,0,0,0,0,1,0,0,0,0,0,0,0,0,0,1,1,0,1,1,0,0,0,0,1,0,0,0,0,0,1,0,0,1,0,1,0,1,0,0,0,0,1,0,0,1,0,0,1,0,0,0,0,1,1,0,0,1,0,0,1,0,0,1,1,0,0,0,0,0,0,0,1,0,0,0,1,0,0,1,1,0,0
532,60.0,6155,6,8,1920,1999,0.0,0,0,611,611,751,611,1362,0,0,2,0,3,1,6,0,1920.0,2,502,0,0,84,0,6,2008,128000,0,0,0,0,0,1,1,0,1,1,0,0,0,1,0,0,0,0,0,0,0,0,0,0,0,0,1,0,0,0,1,1,0,1,0,0,0,0,1,0,0,0,0,1,0,1,0,0,1,0,1,1,0,0,0,0,0,0,0,0,1,0,0,0,0,0,0,1,1,1,1,0,0,0,0,1,0,0,1,1,0,0,0,0,1,1,0,0,1,0,0,1,0,0,1,0,1,0
