1stFlrSF,Baths,BsmtFinType1_GLQ,BsmtQual_Ex,ExterQual_Ex,ExterQual_TA,Fireplaces,GarageCars,GarageFinish_Fin,GarageFinish_Unf,GrLivArea,HeatingQC_Ex,KitchenQual_Ex,KitchenQual_TA,MasVnrArea,Neighborhood_NridgHt,OverallQual,SalePrice,YearBuilt,YearRemodAdd,has_OpenPorchSF
856,3.5,1,0,0,0,0,2,0,0,1710,1,0,0,196.0,0,7,208500,2003,2003,1
1262,2.5,0,0,0,1,1,2,0,0,1262,1,0,1,0.0,0,6,181500,1976,1976,0
920,3.5,1,0,0,0,1,2,0,0,1786,1,0,0,162.0,0,7,223500,2001,2002,1
961,2.0,0,0,0,1,1,3,0,1,1717,0,0,0,0.0,0,7,140000,1915,1970,1
1145,3.5,1,0,0,0,1,3,0,0,2198,1,0,0,350.0,0,8,250000,2000,2000,1
796,2.5,1,0,0,1,0,2,0,1,1362,1,0,1,0.0,0,5,143000,1993,1995,1
1694,3.0,1,1,0,0,1,2,0,0,1694,1,0,0,186.0,0,8,307000,2004,2005,1
1107,3.5,0,0,0,1,2,2,0,0,2090,1,0,1,240.0,0,7,200000,1973,1973,1
1022,2.0,0,0,0,1,2,2,0,1,1774,0,0,1,0.0,0,7,129900,1931,1950,0
1077,2.0,1,0,0,1,2,1,0,0,1077,1,0,1,0.0,0,5,118000,1939,1950,1
1040,2.0,0,0,0,1,0,1,0,1,1040,1,0,1,0.0,0,5,129500,1965,1965,0
1182,4.0,1,1,1,0,2,3,1,0,2324,1,1,0,286.0,1,9,345000,2005,2006,1
912,2.0,0,0,0,1,0,1,0,1,912,0,0,1,0.0,0,5,144000,1962,1962,0
1494,2.0,0,0,0,0,1,3,0,0,1494,1,0,0,306.0,0,7,279500,2006,2007,1
1253,2.5,0,0,0,1,1,1,0,0,1253,0,0,1,212.0,0,6,157000,1960,1960,1
854,1.0,0,0,0,1,0,2,0,1,854,1,0,1,0.0,0,7,132000,1929,2001,1
1004,2.0,0,0,0,1,1,2,1,0,1004,1,0,1,180.0,0,6,149000,1970,1970,0
1296,2.0,0,0,0,1,0,2,0,1,1296,0,0,1,0.0,0,4,90000,1967,1967,0
1114,2.5,1,0,0,1,0,2,0,1,1114,1,0,0,0.0,0,5,159000,2004,2004,1
1339,1.0,0,0,0,1,0,1,0,1,1339,0,0,1,0.0,0,5,139000,1958,1965,0
1158,3.5,0,1,0,0,1,3,0,0,2376,1,0,0,380.0,1,8,325300,2005,2006,1
1108,1.0,0,0,0,1,1,1,0,1,1108,1,0,0,0.0,0,7,139400,1930,1950,0
1795,2.0,0,0,0,0,1,2,0,0,1795,1,0,0,281.0,0,8,230000,2002,2002,1
1060,2.0,1,0,0,1,1,2,0,1,1060,0,0,1,0.0,0,5,129900,1976,1976,1
1060,2.0,0,0,0,1,1,1,0,1,1060,1,0,0,0.0,0,5,154000,1968,2001,1
1600,2.0,0,0,0,0,1,3,0,0,1600,1,0,0,640.0,1,8,256300,2007,2007,1
900,1.5,0,0,0,1,0,2,0,1,900,0,0,0,0.0,0,5,134800,1951,2000,1
1704,3.0,1,1,0,0,1,3,0,0,1704,1,0,0,200.0,1,8,306000,2007,2008,1
1600,2.0,0,0,0,1,2,1,0,0,1600,0,0,1,0.0,0,5,207500,1957,1997,1
520,1.0,0,0,0,1,0,1,0,1,520,0,0,0,0.0,0,4,68500,1927,1950,0
649,1.0,0,0,0,1,0,1,0,1,1317,0,0,1,0.0,0,4,40000,1920,1950,1
1228,1.5,0,0,0,1,0,1,0,1,1228,0,0,0,0.0,0,5,149350,1966,2006,1
1234,2.0,0,1,0,0,0,2,0,0,1234,1,0,0,0.0,0,8,179900,2007,2007,1
1700,2.0,0,0,0,1,1,2,0,0,1700,0,0,0,0.0,0,5,165500,1959,1959,1
1561,3.0,1,1,1,0,1,2,1,0,1561,1,1,0,246.0,1,9,277500,2005,2005,1
1132,3.5,0,1,0,0,1,3,1,0,2452,1,0,0,132.0,1,8,309000,2004,2005,1
1097,1.5,0,0,0,1,0,2,0,1,1097,1,0,1,0.0,0,5,145000,1994,1995,1
1297,1.5,0,0,0,1,1,2,1,0,1297,0,0,1,650.0,0,5,153000,1954,1990,0
1057,2.0,1,0,0,1,0,1,0,1,1057,0,0,0,0.0,0,5,109000,1953,2007,1
1152,2.0,0,0,0,1,0,0,0,0,1152,0,0,0,0.0,0,4,82000,1955,1955,0
1324,2.0,0,0,0,1,1,2,0,0,1324,1,0,1,101.0,0,6,160000,1965,1965,1
1328,2.0,0,0,0,1,2,1,0,0,1328,0,0,1,0.0,0,5,170000,1959,1959,1
884,2.0,0,0,0,1,0,2,0,0,884,0,0,0,0.0,0,5,144000,1983,1983,0
938,2.0,0,0,0,1,0,1,0,1,938,0,0,1,0.0,0,5,130250,1975,1980,0
1150,2.0,0,0,0,1,0,1,0,0,1150,1,0,1,0.0,0,5,141000,1959,1959,0
1752,3.0,1,1,1,0,1,2,0,0,1752,1,1,0,412.0,1,9,319900,2005,2005,1
1518,2.5,1,1,0,0,1,2,0,0,2149,1,0,0,0.0,0,7,239686,2003,2003,1
1656,2.0,1,0,0,0,0,3,0,0,1656,1,0,0,0.0,0,8,249700,2006,2006,1
736,2.0,0,0,0,1,0,0,0,0,1452,0,0,1,0.0,0,4,113000,1920,2008,0
955,2.0,0,0,0,1,0,1,0,1,955,1,0,1,0.0,0,5,127000,1966,1966,0
794,2.5,1,0,0,1,0,2,1,0,1470,0,0,1,0.0,0,6,177000,1997,1997,1
816,1.0,0,0,0,1,1,2,0,1,1176,0,0,1,0.0,0,6,114500,1934,1950,0
816,2.0,0,0,0,0,0,2,0,1,816,0,0,1,0.0,0,5,110000,1963,1963,0
1842,2.5,1,1,0,0,1,3,1,0,1842,0,0,0,0.0,0,9,385000,1981,1987,1
1360,1.0,0,0,0,1,1,2,0,1,1360,0,0,1,0.0,0,5,130000,1955,1955,1
1425,2.0,0,0,0,1,1,2,0,0,1425,0,0,1,272.0,0,6,180500,1964,1964,0
983,3.5,1,0,0,0,0,2,1,0,1739,1,0,0,456.0,0,8,172500,1999,2000,0
860,2.5,0,0,0,0,0,2,0,0,1720,1,0,0,0.0,0,7,196500,2004,2004,1
1426,3.5,0,1,1,0,1,3,1,0,2945,1,0,0,1031.0,0,10,438780,2006,2006,0
780,1.0,0,0,0,1,0,1,0,1,780,1,0,1,0.0,0,5,124900,1972,1972,0
1158,2.5,0,0,0,1,0,2,0,1,1158,1,0,0,0.0,0,6,158000,2004,2004,1
581,1.0,0,0,0,1,0,1,0,1,1111,0,0,0,0.0,0,5,101000,1920,1996,0
1370,2.0,1,0,0,0,1,2,0,0,1370,1,0,0,178.0,1,8,202500,2006,2006,1
902,2.0,0,0,0,1,0,2,0,1,1710,0,0,1,0.0,0,7,140000,1921,1950,1
1057,3.5,1,0,0,1,0,2,0,0,2034,1,0,0,573.0,0,7,219500,1997,1998,1
1143,2.5,0,1,0,0,1,3,0,0,2473,1,0,0,344.0,1,8,317000,2004,2005,1
2207,3.0,1,0,0,1,1,2,0,0,2207,0,0,1,287.0,0,7,180000,1970,1989,0
1479,3.0,1,0,0,0,0,2,0,0,1479,1,0,0,167.0,0,7,226000,2003,2003,1
747,1.0,0,0,0,1,0,1,0,1,747,0,0,1,0.0,0,4,80000,1945,1950,0
1304,2.0,0,0,0,0,1,2,1,0,2287,0,0,1,0.0,0,7,225000,1953,1953,1
2223,3.0,0,0,0,1,2,2,1,0,2223,1,0,1,1115.0,0,7,244000,1973,1973,0
845,2.0,0,0,0,1,0,2,0,1,845,0,0,1,0.0,0,4,129500,1982,2006,0
885,2.5,0,0,0,1,1,2,1,0,1718,0,0,1,40.0,0,7,185000,1998,1998,1
1086,2.0,0,0,0,1,0,2,0,1,1086,0,0,1,104.0,0,5,144900,1954,2003,0
840,2.0,0,0,0,0,0,1,0,1,1605,0,0,1,0.0,0,3,107400,1915,1950,0
526,2.0,1,0,0,1,0,1,0,1,988,0,0,1,0.0,0,4,91000,1973,1973,1
952,1.0,0,0,0,1,0,1,0,1,952,1,0,1,0.0,0,4,135750,1956,1956,0
1072,2.0,0,0,0,1,0,1,0,1,1285,0,0,1,0.0,0,5,127000,1948,2001,0
1768,2.0,0,0,0,1,0,0,0,0,1768,0,0,1,0.0,0,4,136500,1968,1968,0
682,1.5,0,0,0,1,0,2,0,1,1230,0,0,1,0.0,0,5,110000,1910,1981,0
1182,2.5,0,0,0,1,1,1,1,0,2142,0,0,0,576.0,0,6,193500,1968,1968,1
1337,3.0,1,1,0,1,0,2,1,0,1337,1,0,1,443.0,0,6,153500,1998,1998,1
1563,2.0,1,0,0,1,1,3,0,0,1563,1,0,0,468.0,0,8,245000,2007,2007,1
1065,1.5,0,0,0,1,0,2,0,1,1065,0,0,1,66.0,0,5,126500,1960,1960,0
804,2.5,0,0,0,1,1,2,1,0,1474,0,0,1,22.0,0,7,168500,1995,1996,1
1301,2.5,0,0,0,0,1,2,0,1,2417,1,0,0,284.0,0,8,260000,1991,1992,1
684,2.5,0,0,0,0,1,2,1,0,1560,1,0,0,0.0,0,6,174000,2005,2005,1
612,2.5,0,0,0,0,0,2,0,0,1224,1,0,0,76.0,0,6,164500,2009,2009,1
1013,1.0,0,0,0,0,0,0,0,0,1526,0,0,0,0.0,0,3,85000,1915,1982,0
990,2.0,1,0,0,1,0,0,0,0,990,1,0,1,0.0,0,4,123600,1994,1995,0
1040,1.0,0,0,0,1,0,2,0,1,1040,0,0,1,0.0,0,4,109900,1950,1950,1
1235,1.0,0,0,0,1,0,2,0,1,1235,0,0,1,203.0,0,5,98600,1961,1961,0
964,2.0,0,0,0,1,0,2,0,1,964,1,0,1,0.0,0,5,163500,1921,2006,0
1260,2.5,0,0,0,1,1,2,0,1,2291,1,0,1,0.0,0,6,133900,1910,1998,0
905,3.5,1,0,0,1,0,2,0,0,1786,1,0,0,0.0,0,6,204750,1997,1997,1
680,2.5,0,0,1,0,1,2,1,0,1470,0,0,1,68.0,0,6,185000,1993,1993,1
1588,2.0,0,0,0,0,0,2,0,0,1588,1,0,0,183.0,0,7,214000,1999,1999,1
960,2.0,0,0,0,1,0,1,1,0,960,0,0,1,48.0,0,4,94750,1965,1965,0
835,1.0,0,0,0,1,0,1,0,1,835,0,0,1,0.0,0,5,83000,1920,1950,0
1225,2.5,0,0,0,1,0,0,0,0,1225,0,0,1,0.0,0,4,128950,1959,1959,0
1610,3.0,0,0,0,1,2,2,0,0,1610,0,0,0,28.0,0,6,205000,1977,2001,1
977,2.5,0,0,0,0,1,2,1,0,1732,0,0,0,336.0,0,6,178000,1985,1985,1
1535,2.0,0,0,0,1,0,2,0,1,1535,0,0,1,0.0,0,5,118964,1979,1979,0
1226,2.0,0,0,0,1,0,3,0,0,1226,1,0,0,0.0,0,7,198900,2009,2009,1
1226,1.5,0,0,0,1,2,1,0,1,1818,1,0,1,600.0,0,7,169500,1931,1950,0
1053,2.5,0,1,0,0,1,2,0,0,1992,1,0,0,768.0,0,8,250000,2003,2004,1
1047,1.0,0,0,0,1,0,1,0,1,1047,0,0,1,0.0,0,4,100000,1885,1995,0
789,1.0,0,0,0,1,0,1,0,1,789,1,0,1,0.0,0,5,115000,1948,1950,0
997,2.0,0,0,0,1,0,0,0,0,1517,0,0,0,0.0,0,5,115000,1919,2005,0
1844,2.0,0,0,0,1,1,2,0,0,1844,1,0,1,480.0,0,6,190000,1977,1977,1
1216,2.0,0,0,0,1,0,1,0,1,1855,0,0,1,0.0,0,6,136900,1954,1972,0
774,2.5,1,0,0,1,1,2,1,0,1430,1,0,1,0.0,0,7,180000,2000,2000,0
1282,3.5,1,1,0,0,1,3,1,0,2696,1,1,0,220.0,0,7,383970,2007,2007,1
2259,3.0,0,0,0,1,2,2,0,1,2259,0,0,0,184.0,0,6,217000,1953,1953,1
1436,3.5,0,0,0,1,1,1,0,1,2320,1,0,0,0.0,0,6,259500,1945,2002,0
729,2.5,1,0,0,1,1,2,0,1,1458,0,0,1,1129.0,0,6,176000,1999,1999,1
1092,1.5,0,0,0,1,1,1,0,1,1092,0,0,1,116.0,0,5,139000,1962,1962,1
1125,1.5,0,0,0,1,0,2,0,1,1125,0,0,1,0.0,0,5,155000,2006,2007,1
1699,4.0,1,0,0,1,2,3,0,1,3222,0,0,0,0.0,0,7,320000,1990,1990,0
728,2.5,0,0,0,0,1,2,1,0,1456,1,0,0,0.0,0,6,163990,2005,2006,1
988,2.0,0,0,0,1,2,2,0,1,988,1,0,1,0.0,0,6,180000,1969,1969,1
772,1.0,0,0,0,1,0,1,0,1,1123,0,0,1,0.0,0,4,100000,1939,1950,0
1080,1.0,0,0,0,1,0,1,0,1,1080,0,0,1,135.0,0,6,136000,1958,1958,0
1199,2.0,1,0,0,0,0,2,0,0,1199,1,0,0,0.0,0,6,153900,1993,1993,1
1586,2.0,0,0,0,1,1,2,0,1,1586,0,0,1,0.0,0,6,181000,1979,1998,0
520,2.0,1,0,0,1,0,0,0,0,754,0,0,1,0.0,0,6,84500,1935,1982,0
958,2.0,0,0,0,1,1,2,0,0,958,0,0,1,0.0,0,6,128000,1976,1976,1
840,1.0,0,0,0,1,1,0,0,0,840,1,0,1,0.0,0,5,87000,1930,1950,0
660,1.5,0,0,0,1,1,2,0,0,1348,0,0,1,266.0,0,6,155000,1966,1966,1
1053,2.0,0,0,0,1,0,2,0,0,1053,0,1,0,85.0,0,5,150000,1958,1991,1
1216,2.5,0,0,0,1,2,2,1,0,2157,1,0,0,309.0,0,7,226000,1966,1966,1
1022,3.5,1,0,0,0,1,2,0,0,2054,1,0,0,40.0,0,6,244000,2000,2000,1
1327,2.0,0,0,0,1,0,2,0,1,1327,0,0,0,0.0,0,5,150750,1959,2002,0
1296,3.0,1,1,0,0,0,2,1,0,1296,1,0,0,136.0,0,8,220000,2001,2002,1
1721,2.5,0,0,0,1,1,2,0,0,1721,0,0,1,0.0,0,5,180000,1968,1993,1
1682,2.0,0,0,0,1,1,2,0,1,1682,0,0,1,288.0,0,7,174000,1970,1970,0
1214,2.0,0,0,0,1,1,1,0,0,1214,0,0,1,196.0,0,5,143000,1967,1967,1
1959,3.0,0,0,0,1,0,3,0,1,1959,0,0,1,70.0,0,7,171000,1988,1989,0
1004,2.5,1,0,0,0,2,3,1,0,1852,1,0,0,320.0,0,8,230000,1999,2000,1
928,3.5,1,0,0,1,0,2,0,0,1764,1,0,0,0.0,0,6,231500,1997,1997,1
864,1.0,0,0,0,1,1,0,0,0,864,0,0,1,0.0,0,4,115000,1971,1971,0
1734,3.0,1,0,0,0,0,2,1,0,1734,1,0,0,0.0,0,7,260000,2005,2005,1
910,2.0,0,0,0,1,0,2,0,1,1385,0,0,1,0.0,0,5,166000,1952,1952,0
1501,3.0,1,0,0,0,0,2,0,0,1501,1,0,0,183.0,0,7,204000,1999,1999,1
1728,3.0,0,0,0,1,0,2,0,1,1728,0,0,1,336.0,0,5,125000,1963,1963,0
970,2.0,0,0,0,0,0,2,0,1,1709,1,0,0,50.0,0,6,130000,2004,2006,1
875,2.0,0,0,0,1,0,1,0,1,875,0,0,1,0.0,0,5,105000,1931,1993,0
884,2.5,0,0,0,0,1,2,1,0,2035,1,0,0,180.0,0,7,222500,2001,2001,1
1080,2.0,1,0,0,1,0,0,0,0,1080,1,0,0,120.0,0,7,141000,2004,2005,0
896,1.0,0,0,0,1,0,1,0,1,1344,0,0,1,0.0,0,5,115000,1936,1950,1
969,1.5,0,0,0,1,0,2,0,1,969,0,0,1,0.0,0,5,122000,1975,1975,0
1710,3.0,1,1,0,0,1,3,0,0,1710,1,0,0,436.0,1,8,372402,2007,2008,1
1097,2.5,0,0,0,1,1,2,0,0,1993,0,0,1,252.0,0,6,190000,1971,1971,1
1252,2.0,0,0,0,1,1,2,0,0,1252,0,0,1,0.0,0,6,235000,1960,1975,0
1200,1.0,0,0,0,1,0,1,0,1,1200,0,0,1,0.0,0,6,125000,1923,1950,0
572,1.0,0,0,0,1,0,0,0,0,1096,0,0,1,0.0,0,6,79000,1924,1950,1
1040,1.0,0,0,0,1,0,2,0,1,1040,0,0,1,0.0,0,5,109500,1950,1950,0
774,2.5,0,1,0,0,1,3,1,0,1968,1,1,0,84.0,0,8,269500,2009,2010,1
991,2.5,1,0,0,0,1,2,0,0,1947,1,0,0,0.0,0,7,254900,2004,2005,1
1392,3.5,1,0,0,0,1,2,0,0,2462,1,0,0,456.0,0,7,320000,2005,2006,1
1232,2.0,0,0,0,1,0,2,0,1,1232,0,0,1,0.0,0,6,162500,1984,1984,0
1572,3.5,1,1,0,0,2,3,1,0,2668,1,1,0,664.0,1,9,412500,2003,2004,0
1541,2.0,0,0,0,0,1,2,0,0,1541,1,0,0,226.0,1,7,220000,2005,2005,1
882,1.0,0,0,0,1,0,0,0,0,882,1,0,1,0.0,0,4,103200,1956,1956,0
1149,2.0,0,0,0,1,0,1,0,1,1616,0,0,0,0.0,0,6,152000,1926,2004,0
808,3.0,0,0,0,1,0,0,0,0,1355,0,0,1,0.0,0,5,127500,1940,1999,0
1867,2.0,0,0,0,0,3,1,1,0,1867,1,0,1,0.0,0,5,190000,1955,1993,0
1610,2.5,1,1,0,0,1,3,1,0,2161,1,1,0,300.0,1,8,325624,2007,2007,1
840,2.5,0,0,0,0,1,2,1,0,1720,1,0,0,0.0,0,7,183500,2004,2004,1
1707,2.5,0,0,0,0,1,2,0,0,1707,0,0,1,653.0,0,8,228000,1981,1981,1
854,1.5,0,0,0,1,0,2,0,1,1382,0,0,1,0.0,0,5,128500,1941,1950,0
1656,2.0,0,0,0,1,2,2,1,0,1656,0,0,1,112.0,0,6,215000,1960,1960,1
1064,3.0,1,0,0,0,1,2,0,0,1767,0,0,0,0.0,0,7,239000,1987,1987,1
1362,2.5,0,0,0,1,1,2,0,1,1362,0,0,1,491.0,0,6,163000,1961,1961,1
1651,3.0,0,0,0,1,1,2,1,0,1651,0,0,1,132.0,0,6,184000,1986,1986,0
2158,3.0,0,0,0,1,1,2,0,1,2158,0,0,0,0.0,0,6,243000,1950,2001,1
1164,3.0,1,0,0,0,1,2,0,1,2060,0,0,1,268.0,0,6,211000,1988,1989,1
1252,3.0,0,0,0,0,1,2,0,1,1920,1,0,0,0.0,0,5,172500,1958,1958,0
2234,3.0,1,1,1,0,1,3,1,0,2234,1,1,0,748.0,0,9,501837,2008,2009,1
968,1.0,0,0,0,0,0,2,0,1,968,0,0,1,0.0,0,5,100000,1923,2006,0
769,2.5,1,0,0,0,1,2,0,1,1525,1,0,0,456.0,0,6,177000,2000,2000,0
901,1.5,0,0,0,1,1,1,0,1,1802,0,0,1,0.0,0,7,200100,1920,1950,0
1340,1.0,0,0,0,1,1,1,0,0,1340,1,0,1,98.0,0,5,120000,1957,2006,0
1362,2.5,0,0,0,1,0,2,0,1,2082,1,0,0,0.0,0,7,200000,2003,2003,1
936,1.0,0,0,0,1,0,2,0,1,1252,0,0,1,0.0,0,5,127000,1908,1991,0
1518,2.5,0,0,0,0,2,3,0,1,3608,1,1,0,0.0,0,10,475000,1892,1993,1
1217,3.0,1,0,0,1,0,2,0,1,1217,1,0,0,0.0,0,7,173000,1990,1991,1
808,2.5,0,0,0,1,0,1,0,1,1656,1,0,1,0.0,0,5,135000,1916,1987,0
1224,3.0,1,0,0,1,2,2,0,1,1224,0,0,1,275.0,0,5,153337,1979,1979,0
1593,2.5,1,1,0,0,1,2,1,0,1593,1,1,0,0.0,0,8,286000,2001,2002,1
1549,2.5,0,0,0,0,2,2,0,1,2727,0,0,0,0.0,0,8,315000,1932,1994,1
725,2.5,0,0,0,1,0,2,1,0,1479,0,0,0,138.0,0,7,184000,1972,2004,1
1431,3.0,1,0,0,0,0,2,1,0,1431,1,0,0,0.0,0,7,192000,1999,1999,1
970,2.0,0,0,0,0,0,2,0,1,1709,1,0,0,50.0,0,7,130000,2004,2004,1
864,1.0,0,0,0,1,0,1,0,1,864,0,0,1,0.0,0,5,127000,1972,1972,0
855,2.5,0,0,0,1,1,2,0,1,1456,0,0,1,0.0,0,6,148500,1976,1976,0
1726,3.0,1,1,1,0,1,3,1,0,1726,1,1,0,205.0,0,7,311872,2007,2007,1
1360,3.5,1,0,0,0,1,2,0,1,3112,0,0,0,0.0,0,8,235000,1918,1990,1
929,1.0,0,0,0,1,0,0,0,0,2229,1,0,1,0.0,0,6,104000,1912,1950,1
1713,3.0,1,1,0,0,1,3,1,0,1713,1,1,0,262.0,1,8,274900,2004,2005,1
1121,2.0,0,0,0,1,0,2,0,0,1121,1,0,1,0.0,0,4,140000,2003,2004,1
1279,2.5,0,0,0,1,2,2,0,1,1279,0,0,1,0.0,0,6,171500,1977,1977,1
865,2.0,0,0,0,1,0,1,0,1,1310,0,0,1,0.0,0,6,112000,1924,1950,0
848,2.0,1,0,0,0,1,2,0,0,848,1,0,0,205.0,0,6,149000,2004,2004,0
720,1.5,0,0,0,1,0,1,0,1,1284,0,0,1,0.0,0,5,110000,1947,1950,1
1442,2.0,0,0,0,1,0,2,0,0,1442,1,0,1,0.0,0,7,180500,1990,1990,1
1696,1.5,0,0,0,1,1,1,0,0,1696,0,0,1,0.0,0,5,143900,1962,1962,1
1100,2.0,0,0,0,1,1,1,0,0,1100,0,0,1,0.0,0,4,141000,1960,1960,0
1180,3.5,1,0,0,0,1,2,1,0,2062,1,0,1,128.0,0,7,277000,1988,1989,1
1092,2.0,0,0,0,1,0,2,0,0,1092,1,0,1,260.0,0,6,145000,1964,1964,0
864,2.0,0,0,0,1,0,0,0,0,864,0,0,1,0.0,0,5,98000,1925,1950,0
1212,2.0,1,0,0,1,0,2,0,0,1212,1,0,0,0.0,0,6,186000,2009,2009,1
932,3.5,1,0,0,1,1,2,0,0,1852,1,0,0,0.0,0,7,252678,2009,2009,1
990,1.5,0,0,0,1,0,2,0,1,990,1,0,1,0.0,0,5,156000,1995,1995,0
689,1.5,1,0,0,1,0,1,1,0,1392,1,0,1,153.0,0,6,161750,1977,1977,1
1236,1.5,0,0,0,1,1,1,0,1,1236,0,0,0,64.0,0,5,134450,1957,1996,0
1436,3.0,1,0,0,0,0,2,0,1,1436,1,0,0,266.0,0,7,210000,2004,2004,1
810,1.0,0,0,0,1,0,1,0,1,1328,0,0,1,0.0,0,4,107000,1925,1950,1
1137,2.0,0,0,0,0,2,2,0,1,1954,1,0,0,312.0,0,7,311500,1939,2006,1
1248,2.0,1,0,0,0,0,2,1,0,1248,1,0,0,16.0,0,7,167240,2005,2006,0
1498,2.0,0,0,0,0,0,2,0,0,1498,1,0,0,0.0,0,7,204900,2006,2006,1
1010,2.5,0,0,0,0,1,2,0,0,2267,1,0,0,0.0,0,6,200000,2002,2002,1
811,3.5,0,0,0,1,1,2,0,0,1552,0,0,1,0.0,0,6,179900,1975,1975,1
864,1.0,0,0,0,1,0,2,0,1,864,0,0,1,0.0,0,4,97000,1971,1971,0
2392,2.0,1,1,1,0,1,3,1,0,2392,1,1,0,922.0,1,10,386250,2003,2003,1
630,2.5,0,0,0,1,0,1,0,1,1302,0,0,1,142.0,0,5,112000,1971,1971,0
1214,2.5,1,0,0,0,1,3,0,0,2520,1,0,0,290.0,0,7,290000,1995,1995,1
483,1.5,0,0,0,1,0,1,0,1,987,0,0,1,127.0,0,6,106000,1970,1970,0
912,1.0,0,0,0,1,1,1,0,1,912,0,0,1,0.0,0,5,125000,1967,1967,0
1555,2.0,1,0,0,0,1,2,1,0,1555,1,0,0,16.0,0,7,192500,2005,2006,1
1194,2.0,0,0,0,1,0,1,0,0,1194,0,0,1,220.0,0,6,148000,1959,1959,0
1490,3.5,1,0,0,0,1,3,1,0,2794,1,1,0,506.0,0,8,403000,1995,1996,1
483,1.5,0,0,0,1,1,1,0,1,987,0,0,1,297.0,0,6,94500,1972,1972,0
894,2.0,0,0,0,1,0,1,0,1,894,0,0,1,0.0,0,5,128200,1976,1976,0
860,3.5,1,0,0,0,2,2,1,0,1960,1,0,0,103.685261707989,0,6,216500,2002,2002,1
483,1.5,0,0,0,1,0,1,0,1,987,0,0,1,604.0,0,6,89500,1971,1971,0
1414,2.0,1,0,0,0,0,2,0,0,1414,1,0,0,98.0,0,7,185500,2004,2004,1
1014,2.5,0,0,0,0,0,2,0,0,1744,1,0,0,0.0,0,7,194500,1993,2003,1
1694,2.0,0,1,1,0,0,3,1,0,1694,1,0,0,254.0,1,8,318000,2007,2007,1
798,1.5,0,0,0,1,1,1,0,1,1487,0,0,1,0.0,0,6,113000,1945,1950,1
1566,3.0,1,0,0,0,0,2,0,0,1566,1,0,0,36.0,0,8,262500,2008,2008,1
866,1.0,0,0,0,1,0,0,0,0,866,0,0,0,0.0,0,5,110500,1945,1997,1
889,1.0,0,0,0,1,0,1,0,1,1440,0,0,1,0.0,0,5,79000,1900,1950,0
626,1.5,0,0,0,1,1,1,0,0,1217,0,0,1,0.0,0,6,120000,1980,1980,1
1222,3.5,1,0,0,0,2,2,0,0,2110,1,0,0,0.0,0,7,205000,1994,2002,1
1872,2.5,1,0,0,1,1,2,1,0,1872,0,0,1,102.0,0,7,241500,1988,1988,1
908,2.0,0,0,0,1,0,1,0,1,1928,0,0,0,0.0,0,6,137000,1910,1950,1
1375,1.0,0,0,0,1,1,2,0,1,1375,1,0,1,0.0,0,6,140000,1954,1954,1
840,2.5,0,0,0,0,0,2,0,0,1668,1,0,0,101.0,0,7,180000,2003,2003,1
1444,2.5,0,0,0,0,2,2,1,0,2144,0,0,0,472.0,0,6,277000,1958,2006,1
1306,1.0,0,0,0,1,0,0,0,0,1306,1,0,0,0.0,0,3,76500,1940,1966,0
1625,3.5,1,0,0,0,1,2,1,0,1625,1,0,0,481.0,0,8,235000,2006,2007,0
798,2.5,0,0,0,0,0,2,0,0,1640,1,0,0,0.0,0,6,173000,2004,2004,1
1302,2.5,0,0,0,1,0,1,0,0,1302,1,0,0,108.0,0,6,158000,1964,1991,0
1314,2.0,0,0,0,1,0,1,0,0,1314,0,0,1,0.0,0,5,145000,1957,1957,0
1005,2.5,0,0,0,0,1,2,1,0,2291,1,0,0,302.0,0,7,230000,1999,1999,0
864,2.5,0,0,0,0,0,2,0,0,1728,1,0,0,0.0,0,6,207500,2003,2003,1
1604,3.5,1,0,0,0,1,2,0,0,1604,1,0,0,180.0,0,7,220000,2006,2006,1
963,2.5,1,0,0,0,1,2,0,0,1792,1,0,0,172.0,0,7,231500,2001,2001,1
882,1.0,0,0,0,1,0,1,0,1,882,0,0,1,0.0,0,5,97000,1956,1956,1
1382,2.0,0,0,0,1,1,2,0,1,1382,0,0,1,399.0,0,6,176000,1962,1962,0
1482,2.5,0,1,0,0,1,3,1,0,2574,1,1,0,270.0,0,8,276000,2007,2007,1
1212,2.0,0,0,0,1,1,2,0,1,1212,0,0,1,46.0,0,6,151000,1977,1995,1
926,2.0,0,0,0,1,0,2,0,1,1316,0,0,1,0.0,0,5,130000,1929,2001,0
764,1.0,0,0,0,1,0,2,0,1,764,0,0,1,0.0,0,5,73000,1925,2004,0
1422,2.0,1,0,0,1,1,2,1,0,1422,0,0,0,210.0,0,6,175500,1981,1981,0
802,3.5,1,0,0,1,1,2,1,0,1511,0,0,1,0.0,0,6,185000,1997,1997,1
1052,2.5,0,0,0,1,1,1,0,1,2192,1,0,0,0.0,0,5,179500,1939,1997,1
778,1.0,0,0,0,1,1,1,1,0,778,1,0,1,0.0,0,5,120500,1940,1955,1
1113,2.5,0,0,0,1,1,1,0,0,1113,0,0,1,174.0,0,6,148000,1976,1976,1
1095,2.5,0,0,0,0,1,3,0,0,1939,0,0,0,0.0,0,8,266000,2006,2006,1
1363,2.0,0,0,0,1,2,2,0,1,1363,1,0,1,0.0,0,7,241500,1954,2005,0
1164,2.5,1,0,0,0,1,3,1,0,2270,1,0,0,348.0,0,8,290000,1999,2007,1
1632,3.0,0,0,0,1,1,1,0,0,1632,0,0,1,183.0,0,6,139000,1958,1988,0
816,1.0,0,0,0,1,0,1,0,1,816,0,0,1,0.0,0,5,124500,1982,1982,0
952,2.5,0,0,0,0,0,2,0,1,1548,0,1,0,0.0,0,7,205000,1925,2007,0
1560,2.0,0,1,0,0,0,2,1,0,1560,1,0,0,0.0,0,7,201000,2003,2003,1
864,1.0,0,0,0,1,0,2,0,1,864,1,0,1,0.0,0,4,141000,1951,1951,0
2121,2.5,0,1,1,0,1,3,1,0,2121,1,1,0,315.0,1,9,415298,2006,2007,1
1156,2.5,0,0,0,1,1,2,1,0,2022,1,0,1,299.0,0,7,192000,1977,1977,1
1175,2.5,1,0,0,0,1,2,1,0,1982,0,0,0,340.0,0,7,228500,1989,1989,1
1262,2.0,1,0,0,0,0,2,1,0,1262,0,0,0,68.0,0,6,185000,2006,2006,1
1314,3.0,1,0,0,0,1,2,0,0,1314,1,0,0,166.0,1,7,207500,2007,2008,1
1468,2.0,0,0,0,0,1,3,1,0,1468,1,0,0,72.0,0,8,244600,2008,2009,1
1575,3.0,1,0,0,0,0,2,0,0,1575,0,0,0,0.0,0,6,179200,1992,1992,0
625,2.5,0,0,0,0,0,2,0,0,1250,1,0,0,0.0,0,7,164700,2006,2007,1
1085,1.5,0,0,0,1,1,2,0,0,1734,0,0,0,0.0,0,6,159000,1962,1981,0
858,1.0,0,0,0,1,0,0,0,0,858,0,0,1,0.0,0,4,88000,1971,1971,0
900,1.0,0,0,0,1,0,1,0,1,900,0,0,1,31.0,0,5,122000,1967,1967,0
698,1.0,0,0,0,1,0,1,0,1,1396,1,0,1,0.0,0,6,153575,1915,2003,0
1079,2.5,0,0,0,0,1,2,0,0,1919,1,0,0,0.0,0,8,233230,2006,2006,1
936,3.0,0,0,0,1,0,0,0,0,1716,1,0,0,0.0,0,5,135900,1912,2000,1
1148,1.5,0,0,0,1,1,1,0,1,1716,0,0,1,0.0,0,5,131000,1949,2008,0
1468,3.5,0,0,0,1,1,2,1,0,2263,0,0,0,34.0,0,7,235000,1977,1994,1
1644,2.0,1,0,0,1,2,2,1,0,1644,0,0,1,238.0,0,6,167000,1953,1953,0
1003,2.0,1,0,0,1,0,2,0,1,1003,0,0,1,0.0,0,6,142500,1984,1984,0
910,1.5,0,0,0,1,0,1,0,1,1558,0,0,1,0.0,0,5,152000,1950,1950,0
975,2.5,0,0,0,0,1,2,0,0,1950,1,0,0,1600.0,0,7,239000,1997,1998,1
1041,2.5,0,0,0,0,1,2,0,1,1743,0,0,1,365.0,0,6,175000,1968,1968,0
1152,1.5,0,0,0,1,1,1,0,1,1152,1,0,0,0.0,0,6,158500,1950,2004,1
1336,2.0,0,0,0,1,2,1,0,1,1336,0,0,1,56.0,0,5,157000,1953,1953,0
1210,2.5,1,0,0,0,1,2,1,0,2452,1,0,0,0.0,0,8,267000,1998,1999,1
1541,2.0,0,0,0,0,1,3,0,0,1541,1,0,0,150.0,0,7,205000,2001,2002,1
894,2.0,0,0,0,1,0,2,0,1,894,0,0,1,0.0,0,5,149900,1972,1972,0
1675,3.0,0,0,0,1,1,3,0,1,3493,1,0,0,0.0,0,7,295000,1880,2002,0
2000,3.0,1,0,0,0,0,3,1,0,2000,1,0,0,246.0,0,8,305900,2004,2005,0
1122,3.5,0,0,0,0,1,3,0,0,2243,0,0,0,246.0,0,7,225000,1990,1991,1
1035,1.0,0,0,0,1,0,0,0,0,1406,0,0,0,0.0,0,6,89500,1920,1950,1
861,1.0,0,0,0,1,0,2,0,1,861,1,0,1,0.0,0,4,82500,1940,1950,0
1944,3.0,1,1,0,0,3,3,1,0,1944,1,1,0,0.0,1,9,360000,2003,2004,1
697,2.5,0,0,0,1,1,2,1,0,1501,0,0,0,112.0,0,6,165600,1993,1994,1
972,2.0,0,0,0,1,1,1,0,1,972,1,0,1,0.0,0,6,132000,1948,2002,0
793,2.0,0,0,0,1,1,2,0,1,1118,0,0,1,0.0,0,5,119900,1939,1950,0
2036,4.0,0,0,0,1,2,2,0,0,2036,0,0,1,0.0,0,7,375000,1965,1965,0
832,2.0,0,0,0,1,1,2,0,1,1641,1,1,0,0.0,0,7,178000,1925,1990,0
716,3.5,1,0,0,0,1,2,1,0,1432,1,0,0,0.0,0,7,188500,2004,2005,1
1153,3.5,1,0,0,0,1,2,0,0,2353,0,1,0,278.0,0,7,260000,1980,1980,1
1088,2.5,0,0,0,0,1,3,0,0,1959,1,0,0,0.0,0,8,270000,2006,2006,1
1372,3.5,1,0,0,0,1,3,0,0,2646,1,0,0,256.0,0,7,260000,1993,1993,1
1472,3.0,1,0,0,1,2,2,0,1,1472,0,0,1,225.0,0,7,187500,1980,1980,1
1249,3.5,0,1,0,1,0,3,0,0,2596,1,0,0,370.0,1,9,342643,2006,2006,1
1136,3.5,1,1,0,0,1,3,1,0,2468,1,0,0,388.0,1,8,354000,2004,2004,1
1553,3.5,0,0,0,0,1,2,1,0,2730,1,0,0,172.0,0,7,301000,1986,1987,1
1163,2.0,0,0,0,1,0,1,0,1,1163,1,0,1,0.0,0,3,126175,1955,2005,1
1898,2.5,0,0,0,0,1,2,1,0,2978,1,0,0,300.0,0,7,242000,1967,2007,0
803,1.0,0,0,0,1,0,2,0,1,803,0,0,1,0.0,0,5,87000,1941,1950,0
1719,3.5,1,0,0,0,2,2,1,0,1719,1,0,0,0.0,0,8,324000,1993,1993,1
1383,1.5,0,0,0,1,0,1,0,0,1383,0,0,1,175.0,0,6,145250,1960,1960,1
1445,2.0,0,0,0,1,0,2,0,1,2134,0,0,0,0.0,0,6,214500,1916,1994,1
596,1.0,0,0,0,1,0,1,0,1,1192,0,0,1,0.0,0,5,78000,1920,1950,0
1728,2.5,1,0,0,1,0,1,0,1,1728,0,0,1,84.0,0,5,119000,1964,1964,0
1056,2.0,0,0,0,1,0,1,0,0,1056,0,0,1,0.0,0,5,139000,1958,1992,0
1629,3.0,1,0,0,0,1,3,0,0,1629,1,0,0,296.0,1,8,284000,2003,2004,0
1358,3.0,1,0,0,0,1,2,0,0,1358,1,0,0,146.0,1,7,207000,2004,2004,1
943,3.5,1,0,0,1,2,2,1,0,1638,0,0,1,0.0,0,6,192000,1998,1998,1
1619,4.0,0,0,0,1,2,2,1,0,1786,1,0,1,0.0,0,5,228950,1965,1965,0
1922,3.0,1,1,0,0,1,3,1,0,1922,1,0,0,200.0,0,9,377426,2005,2006,1
1536,3.0,1,0,0,0,0,2,0,0,1536,1,0,0,113.0,0,7,214000,2002,2003,1
1621,3.0,0,0,0,0,0,2,0,0,1621,1,0,0,0.0,0,7,202500,1984,1998,1
1215,1.0,0,0,0,1,0,1,0,1,1215,0,0,1,176.0,0,6,155000,1958,1998,0
993,2.5,0,0,0,0,0,2,1,0,1908,1,0,0,0.0,0,8,202900,2002,2002,0
841,1.0,0,0,0,0,0,1,0,1,841,0,0,1,0.0,0,4,82000,1950,1950,0
1040,2.0,0,0,0,1,0,2,0,1,1040,0,0,1,340.0,0,3,87500,1949,1950,0
1684,2.0,1,1,1,0,1,2,0,0,1684,1,1,0,616.0,1,9,266000,2005,2005,1
536,1.5,0,0,0,1,0,1,0,1,1112,0,0,1,0.0,0,5,85000,1976,1976,0
972,1.0,0,0,0,1,1,1,0,1,1577,0,0,0,0.0,0,6,140200,1939,1950,0
958,1.0,0,0,0,1,0,1,0,0,958,0,0,1,0.0,0,6,151500,1960,1998,0
1478,3.0,0,0,0,1,2,2,0,1,1478,1,0,1,30.0,0,6,157500,1960,1960,1
764,3.5,1,0,0,0,0,2,0,0,1626,1,0,0,106.0,1,7,154000,2003,2004,1
1848,3.5,1,1,1,0,2,3,1,0,2728,1,1,0,870.0,1,9,437154,2005,2006,0
1869,2.0,0,1,1,0,1,2,0,0,1869,1,1,0,362.0,1,9,318061,2007,2007,1
1453,2.5,1,0,0,1,1,2,0,0,1453,0,0,0,0.0,0,7,190000,1986,1986,1
616,1.5,0,0,0,1,0,1,0,1,1111,0,0,1,0.0,0,5,95000,1941,1950,0
720,1.0,0,0,0,1,0,2,0,1,720,0,0,1,0.0,0,6,105900,1928,2003,0
1192,1.0,0,0,0,1,2,1,0,1,1595,1,0,1,0.0,0,6,140000,1940,2000,0
1200,3.0,0,0,0,0,0,2,0,0,1200,1,0,0,0.0,0,6,177500,1995,1995,1
1167,3.0,1,0,0,1,0,2,0,0,1167,0,0,0,106.0,0,6,173000,1992,1992,1
1142,2.5,0,0,0,1,1,2,1,0,1142,0,0,1,0.0,0,5,134000,1976,1976,1
1352,1.5,0,0,0,1,0,1,0,1,1352,1,0,0,120.0,0,5,130000,1958,1958,0
1086,3.5,1,0,0,0,1,2,0,0,1924,1,0,0,530.0,0,8,280000,1998,1998,1
912,2.0,1,0,0,1,1,2,0,0,912,1,0,1,0.0,0,6,156000,1978,1978,0
988,2.0,0,0,0,1,0,1,0,1,1505,0,0,1,0.0,0,5,145000,1940,1982,0
495,3.0,0,0,0,0,1,2,0,0,1922,1,0,0,500.0,0,7,198500,2003,2003,0
483,1.5,0,0,0,1,0,1,0,1,987,0,0,0,510.0,0,6,118000,1972,2007,0
790,3.5,1,0,0,1,1,2,1,0,1574,0,0,1,120.0,0,6,190000,1976,1976,1
672,1.0,0,0,0,1,0,1,0,1,1344,0,0,1,0.0,0,5,147000,1920,1997,1
1394,2.5,0,0,0,1,2,2,0,0,1394,0,0,1,247.0,0,6,159000,1963,1963,1
1431,1.5,1,0,0,1,1,1,0,0,1431,0,0,1,305.0,0,6,165000,1962,1962,1
1268,1.0,0,0,0,1,1,1,1,0,1268,0,0,1,200.0,0,5,132000,1954,1954,1
1287,2.0,0,0,0,1,1,2,1,0,1287,1,0,0,0.0,0,5,162000,1959,2006,1
953,2.5,0,0,0,1,1,2,0,0,1664,1,0,1,0.0,0,6,172400,2000,2000,1
1120,2.0,0,0,0,1,1,2,1,0,1588,0,0,1,0.0,0,4,134432,1959,1959,1
752,2.0,0,0,0,1,0,1,0,1,752,0,0,1,0.0,0,6,125000,1984,1984,0
1319,2.0,0,0,0,1,0,1,0,1,1319,0,0,1,0.0,0,5,123000,1953,1953,0
847,2.5,0,0,0,0,1,2,1,0,1928,1,0,0,0.0,0,7,219500,2003,2004,1
904,1.5,0,0,0,0,0,0,0,0,904,0,0,0,0.0,0,1,61000,1922,1950,0
914,1.0,1,0,0,0,0,2,0,1,914,1,0,1,0.0,0,5,148000,1996,1996,0
1580,3.0,0,0,0,0,1,2,0,0,2466,1,0,0,0.0,0,8,340000,2004,2005,1
1856,2.5,1,1,0,0,1,3,1,0,1856,1,1,0,350.0,0,9,394432,2010,2010,0
1007,2.5,0,0,0,1,1,2,1,0,1800,1,0,1,16.0,0,6,179000,2000,2000,1
1026,2.0,0,0,0,1,1,1,0,1,1691,0,0,0,0.0,0,5,127000,1924,1950,0
1301,3.0,0,0,0,0,1,2,0,0,1301,1,0,0,0.0,0,7,187750,2006,2006,1
939,2.5,0,0,0,0,0,2,0,0,1797,1,0,0,0.0,0,7,213500,2006,2006,1
784,1.0,0,0,0,1,0,2,0,1,784,0,0,1,0.0,0,6,76000,1928,1950,0
1079,3.5,1,0,0,0,2,2,1,0,1953,1,0,0,0.0,0,6,240000,1992,1992,1
1269,2.0,1,0,0,0,1,2,1,0,1269,1,0,0,16.0,0,8,192000,2004,2005,1
658,1.0,0,0,0,1,0,0,0,0,1184,0,0,1,0.0,0,5,81000,1910,1996,1
1125,2.0,0,0,0,1,1,1,0,1,1125,1,0,1,255.0,0,6,125000,1976,1976,0
1479,2.0,0,0,0,0,0,2,0,0,1479,1,0,0,125.0,0,7,191000,1999,2000,1
1742,3.5,1,1,1,0,1,3,1,0,2332,1,1,0,272.0,1,10,426000,2007,2008,1
961,2.0,0,0,0,1,0,1,0,1,1367,1,0,1,0.0,0,5,119000,1900,1950,1
804,3.5,0,1,0,1,1,2,1,0,1961,1,0,0,0.0,0,6,215000,2001,2002,1
882,1.0,0,0,0,1,0,1,0,0,882,0,0,1,0.0,0,5,106500,1959,1959,0
788,1.0,0,0,0,1,2,0,0,0,788,0,0,1,0.0,0,4,100000,1941,1950,0
735,1.0,0,0,0,1,0,1,0,1,1034,0,0,1,0.0,0,5,109000,1940,1950,1
1144,2.0,0,0,0,1,0,1,0,1,1144,0,0,1,0.0,0,5,129000,1956,1956,0
894,1.0,0,0,0,1,0,2,0,0,894,0,0,1,0.0,0,5,123000,1972,1972,0
876,2.0,0,0,0,1,1,1,0,0,1812,0,0,1,288.0,0,5,169500,1962,1962,1
1077,1.0,0,0,0,1,0,1,0,1,1077,0,0,1,0.0,0,5,67000,1920,1950,0
1112,3.0,1,0,0,0,0,2,1,0,1550,1,0,0,100.0,0,7,241000,2006,2007,1
1288,2.5,1,0,0,0,2,2,1,0,1288,1,1,0,0.0,0,8,245500,1996,1996,1
1310,2.0,1,0,0,0,1,2,1,0,1310,1,0,0,0.0,0,7,164990,2005,2005,0
672,1.0,0,0,0,1,0,1,0,1,672,1,0,1,0.0,0,5,108000,1940,1997,0
1165,2.5,0,0,0,0,1,2,1,0,2263,0,0,0,650.0,0,8,258000,1998,1998,1
806,2.5,0,0,0,1,1,2,1,0,1572,0,0,1,0.0,0,6,168000,1995,1996,1
1620,3.0,0,0,0,1,1,2,0,1,1620,1,0,1,0.0,0,4,150000,1976,1993,1
1166,1.0,0,0,0,1,0,1,0,1,1639,1,0,1,0.0,0,6,115000,1936,1950,0
840,2.0,0,0,0,1,0,1,0,1,1680,1,0,1,0.0,0,6,177000,1915,1976,0
1071,2.5,0,1,0,0,1,3,0,0,2172,1,0,0,350.0,1,7,280000,2006,2006,1
1050,3.5,1,1,0,0,1,3,1,0,2078,1,1,0,100.0,0,8,339750,2007,2008,1
1276,1.0,0,0,0,1,0,1,0,1,1276,0,0,1,0.0,0,5,60000,1958,1958,0
1056,2.0,0,0,0,1,0,2,1,0,1056,0,0,1,0.0,0,5,145000,1955,1955,0
1478,3.5,1,1,1,0,1,2,1,0,1478,1,0,0,432.0,0,7,222000,2009,2009,1
1028,1.0,0,0,0,1,1,2,0,1,1028,0,0,1,0.0,0,5,115000,1927,1950,0
1080,3.0,0,0,0,0,1,3,0,1,2097,1,0,0,0.0,0,7,228000,1993,1993,1
1340,2.0,1,0,0,0,0,2,1,0,1340,1,0,0,0.0,0,7,181134,2007,2007,1
672,1.5,0,0,0,1,1,2,1,0,1400,0,0,1,203.0,0,6,149500,1978,1978,0
1370,3.5,0,0,0,1,1,3,0,1,2624,0,0,1,0.0,0,6,239000,1918,1950,0
756,2.5,0,0,0,1,0,1,0,1,1134,0,0,1,0.0,0,5,126000,1940,1950,0
1056,2.0,0,0,0,1,1,1,0,1,1056,1,0,1,0.0,0,5,142000,1968,1968,1
1344,4.0,1,0,0,1,0,4,1,0,1344,1,0,1,200.0,0,7,206300,1997,1998,0
1602,2.5,0,0,0,0,1,2,1,0,1602,0,0,0,126.0,0,6,215000,1977,2000,0
988,1.0,0,0,0,1,0,2,0,0,988,1,0,1,0.0,0,5,113000,1954,1954,0
1470,3.5,1,0,0,0,1,3,1,0,2630,0,0,0,473.0,0,8,315000,1998,1998,1
1196,2.0,0,0,0,1,1,1,0,0,1196,0,0,1,74.0,0,6,139000,1956,1956,1
707,1.5,0,0,0,1,2,1,0,1,1389,0,0,1,0.0,0,7,135000,1946,1992,0
1644,3.5,1,0,0,0,1,2,1,0,1644,0,0,0,145.0,0,7,275000,1989,1989,0
907,1.0,0,0,0,1,0,1,0,1,907,1,0,1,0.0,0,4,109008,1957,1957,0
1208,3.0,1,0,0,0,0,2,0,0,1208,1,0,0,108.0,0,7,195400,2007,2007,1
1412,3.0,1,0,0,1,1,2,0,1,1412,0,0,0,0.0,0,6,175000,1988,1988,0
483,1.5,0,0,0,1,0,1,0,1,987,0,0,1,232.0,0,6,85400,1971,1971,0
1088,1.0,0,0,0,1,0,0,0,0,1198,0,0,1,0.0,0,6,79900,1920,1998,1
765,2.5,0,0,0,1,0,2,0,1,1365,1,0,1,376.0,0,5,122500,1971,1971,1
926,2.5,0,0,0,1,1,2,1,0,1604,1,0,1,0.0,0,6,181000,1997,1998,1
630,2.0,0,0,0,1,0,0,0,0,630,0,0,1,0.0,0,4,81000,1972,1972,0
827,3.5,1,0,0,0,1,2,0,0,1661,1,0,0,0.0,0,7,212000,1996,1996,1
734,1.0,0,0,0,1,0,2,0,1,1118,0,0,1,0.0,0,6,116000,1920,1950,0
904,1.0,0,0,0,0,0,1,0,1,904,0,0,1,0.0,0,6,119000,1926,2004,0
694,1.0,0,0,0,1,1,1,0,1,694,0,0,0,0.0,0,5,90350,1913,2002,0
684,1.0,0,0,0,1,0,2,0,1,1196,0,0,0,0.0,0,6,110000,1920,2000,1
2402,3.0,1,1,1,0,2,3,1,0,2402,1,1,0,200.0,1,10,555000,2008,2008,1
1440,2.0,0,0,0,1,0,0,0,0,1440,0,0,0,270.0,0,4,118000,1955,1955,0
1128,2.0,0,0,0,1,1,2,0,1,1573,0,0,1,0.0,0,5,162900,1930,1992,0
1258,2.0,0,1,0,0,1,3,1,0,1258,1,0,0,72.0,0,7,172500,2006,2007,1
933,3.5,1,0,0,0,1,2,0,1,1908,1,0,0,0.0,0,7,210000,1994,1995,1
1689,1.0,0,0,0,1,1,2,0,1,1689,0,0,1,0.0,0,6,127500,1956,1956,0
1888,2.5,0,0,0,0,1,2,1,0,1888,1,0,0,0.0,0,6,190000,1966,2002,0
956,2.5,0,0,0,0,1,2,1,0,1886,0,0,0,0.0,0,7,199900,1998,1999,0
780,2.0,0,0,0,1,1,1,0,1,1376,0,0,1,0.0,0,6,119500,1937,1950,0
679,1.5,0,0,0,1,0,1,0,1,1183,1,0,1,0.0,0,3,120000,1948,2002,1
813,1.0,0,0,0,1,0,1,0,1,813,1,0,0,0.0,0,6,110000,1930,2005,1
1533,3.0,0,0,0,1,2,2,0,1,1533,0,0,0,0.0,0,7,280000,1975,1975,1
888,3.5,0,1,0,0,0,2,1,0,1756,1,0,1,42.0,0,6,204000,1996,1997,1
786,2.5,0,0,0,0,0,2,0,0,1590,1,0,0,0.0,0,8,210000,2008,2008,1
1728,4.0,0,0,0,1,0,2,0,1,1728,0,0,1,0.0,0,5,188000,1976,1976,0
1242,1.5,0,0,0,1,1,2,0,1,1242,0,0,1,320.0,0,7,175500,1973,1973,0
624,1.0,0,0,0,1,0,3,0,1,1344,0,0,1,0.0,0,5,98000,1916,1950,0
1663,2.0,0,0,0,1,2,2,1,0,1663,1,0,0,0.0,0,4,256000,1954,1994,1
833,1.0,0,0,0,1,1,1,0,1,1666,0,0,0,0.0,0,8,161000,1925,1996,1
979,2.0,0,0,0,1,1,1,0,1,1203,0,0,0,161.0,0,5,110000,1950,1950,0
832,3.5,1,0,0,0,0,2,1,0,1935,1,0,1,110.0,0,8,263435,2009,2009,1
575,2.0,0,0,0,0,0,2,0,0,1135,1,0,0,0.0,0,7,155000,1936,2007,0
864,1.0,0,0,0,1,1,1,0,1,864,0,0,1,0.0,0,5,62383,1965,1965,0
849,1.5,0,0,0,1,1,1,0,1,1660,0,0,1,0.0,0,6,188700,1934,1995,0
1040,2.0,0,0,0,1,0,0,0,0,1040,0,0,1,136.0,0,5,124000,1978,1978,0
1414,2.0,0,0,0,0,1,2,1,0,1414,1,0,0,18.0,0,7,178740,2004,2004,1
1277,2.0,1,0,0,1,1,2,0,1,1277,0,0,1,0.0,0,7,167000,1970,1970,0
888,1.5,0,0,0,1,2,1,0,1,1644,1,0,0,224.0,0,5,146500,1942,1995,0
1634,2.0,0,0,0,0,1,3,0,0,1634,1,0,0,248.0,1,8,250000,2006,2006,1
832,2.5,1,0,0,0,0,2,0,0,1710,1,0,0,120.0,0,6,187000,1993,1993,1
1502,2.5,1,0,0,0,0,2,0,0,1502,0,0,0,0.0,0,8,212000,1985,1985,1
1161,2.5,0,0,0,1,1,2,0,0,1969,0,0,1,0.0,0,7,190000,1977,1977,0
1072,2.0,1,0,0,1,0,2,0,0,1072,1,0,1,80.0,0,6,148000,2005,2005,1
1976,3.0,1,1,0,0,1,3,0,0,1976,1,0,0,304.0,1,8,440000,2006,2007,1
1652,3.0,1,0,0,0,0,2,0,0,1652,1,1,0,0.0,0,8,251000,2000,2000,1
970,2.0,1,0,0,1,0,2,0,1,970,0,0,1,0.0,0,5,132500,1963,1963,1
1493,3.0,1,0,0,1,1,2,1,0,1493,1,0,0,215.0,0,6,208900,1997,1998,1
2069,2.5,0,0,1,0,1,3,1,0,2643,1,1,0,772.0,1,9,380000,2006,2006,1
1718,3.0,1,1,0,0,1,3,0,0,1718,1,0,0,336.0,0,8,297000,2007,2008,1
1131,1.0,0,0,0,1,0,2,0,1,1131,0,0,1,435.0,0,4,89471,1937,2000,1
1850,3.0,1,1,0,0,1,3,1,0,1850,1,0,0,378.0,1,9,326000,2004,2005,1
1792,3.0,1,1,0,0,1,3,1,0,1792,1,1,0,562.0,1,9,374000,2003,2004,1
916,2.5,0,0,0,0,1,1,0,1,1826,1,1,0,0.0,0,7,155000,1915,2005,0
1216,3.0,1,1,0,1,0,2,0,1,1216,1,0,1,116.0,0,6,164000,1998,1998,1
999,2.0,0,0,0,1,0,1,0,1,999,0,0,0,0.0,0,5,132500,1962,2001,1
1113,1.0,0,0,0,0,1,1,0,1,1113,0,0,0,0.0,0,5,147000,1950,2007,1
1073,2.5,0,0,0,1,0,2,0,0,1073,0,0,1,168.0,0,5,156000,1965,1965,0
1484,2.0,0,0,0,1,1,2,0,1,1484,0,0,1,0.0,0,5,175000,1971,1971,0
1766,2.0,0,0,0,1,1,2,0,1,2414,0,0,1,0.0,0,5,160000,1900,1970,0
630,2.0,1,0,0,1,0,1,0,1,630,0,0,0,0.0,0,4,86000,1970,2002,0
616,1.5,0,0,0,1,1,1,1,0,1304,0,0,1,0.0,0,5,115000,1976,1976,1
958,2.0,0,0,0,1,2,1,0,1,1578,0,0,0,0.0,0,6,133000,1941,1950,0
728,2.5,0,0,0,0,0,2,0,0,1456,0,0,1,0.0,0,6,172785,2006,2006,0
1269,1.5,0,0,0,1,1,1,0,1,1269,0,0,1,0.0,0,5,155000,1960,1960,0
886,1.0,0,0,0,1,0,1,0,1,886,0,0,1,0.0,0,5,91300,1938,1996,1
720,1.0,0,0,0,1,0,0,0,0,720,0,0,1,0.0,0,4,34900,1920,1950,1
3228,4.0,1,0,0,0,1,2,0,0,3228,1,0,0,0.0,0,8,430000,1992,1993,1
1133,3.0,0,0,0,1,0,1,0,1,1820,1,0,1,0.0,0,7,184000,1925,1950,1
899,1.0,0,0,0,1,0,1,1,0,899,1,0,0,89.0,0,5,130000,1967,2004,0
912,1.5,0,0,0,1,0,1,1,0,912,0,0,1,0.0,0,5,120000,1958,1985,1
672,1.5,0,0,0,1,0,1,0,1,1218,0,0,1,285.0,0,6,113000,1973,1973,1
866,2.5,1,0,0,0,0,2,0,0,1768,0,0,0,0.0,0,7,226700,2005,2005,1
1214,2.0,0,0,0,1,0,2,0,1,1214,1,0,1,0.0,0,5,140000,1965,1965,0
1801,3.0,0,0,0,1,2,2,1,0,1801,0,0,1,0.0,0,7,289000,1959,1997,1
855,3.0,0,0,0,1,1,2,0,1,1322,0,0,1,0.0,0,6,147000,1974,1974,0
960,2.0,0,0,0,1,0,2,0,1,1960,0,0,1,360.0,0,5,124500,1952,1952,0
1065,2.5,1,0,0,0,1,2,0,0,1911,1,0,0,125.0,0,8,215000,1993,1994,1
1218,2.0,1,0,0,0,0,2,1,0,1218,1,0,0,0.0,0,6,208300,2009,2009,1
689,2.0,0,0,0,1,1,2,0,1,1378,1,0,0,0.0,0,7,161000,1928,2005,0
1041,2.0,0,0,0,1,0,1,0,0,1041,1,0,1,132.0,0,5,124500,1959,1959,1
1363,2.0,0,0,0,0,2,1,0,1,1363,1,0,1,70.0,0,5,164900,1951,2000,1
1368,2.0,0,0,0,0,1,2,0,0,1368,1,0,0,94.0,1,7,202665,2005,2006,1
864,2.0,0,0,0,1,0,2,0,1,864,0,0,1,0.0,0,5,129900,1958,1958,0
1080,1.5,0,0,0,1,0,2,0,1,1080,0,0,1,0.0,0,6,134000,1983,1983,0
789,1.0,0,0,0,1,0,1,0,1,789,0,0,1,0.0,0,5,96500,1926,1950,0
2020,3.5,1,1,1,0,1,3,1,0,2020,1,1,0,305.0,1,10,402861,2009,2009,1
1378,2.5,0,0,0,1,1,2,0,0,2119,0,0,1,333.0,0,6,158000,1972,1972,1
1277,2.5,0,0,0,0,1,3,0,0,2344,1,0,0,921.0,0,7,265000,1996,1997,0
882,3.5,1,0,0,1,0,2,0,0,1796,1,0,1,0.0,0,6,211000,1998,1998,1
1276,1.5,0,0,0,0,2,1,0,1,2080,1,0,0,0.0,0,7,234000,1926,2004,0
694,2.0,0,0,0,1,0,0,0,0,1294,0,0,1,0.0,0,4,106250,1900,2000,1
1244,1.5,0,0,0,1,2,1,0,1,1244,1,0,1,0.0,0,6,150000,1957,1957,1
1004,2.0,0,0,0,1,2,2,0,1,1664,1,0,1,0.0,0,6,159000,1947,1950,1
3138,4.5,1,1,1,0,1,3,1,0,4676,1,1,0,762.0,0,10,184750,2007,2008,1
1383,3.5,1,0,0,0,1,3,1,0,2398,1,0,0,594.0,0,7,315750,1996,1997,1
1266,2.0,0,0,0,0,1,2,0,1,1266,1,0,0,0.0,0,7,176000,2005,2005,1
928,1.0,0,0,0,1,0,1,0,1,928,0,0,1,0.0,0,5,132000,1956,2000,0
1476,3.5,1,1,1,0,1,3,1,0,2713,1,1,0,268.0,1,9,446261,2008,2008,1
605,2.0,0,0,0,1,0,0,0,0,605,1,0,1,0.0,0,4,86000,1920,2002,0
2515,4.0,0,0,0,0,2,2,0,0,2515,0,0,1,103.685261707989,0,6,200624,1957,1975,0
1509,3.0,1,0,0,0,1,2,0,0,1509,1,0,0,219.0,0,6,175000,1988,1989,0
751,2.0,0,0,0,1,0,2,1,0,1362,1,0,1,0.0,0,6,128000,1920,1999,0
827,1.0,0,0,0,1,1,1,0,1,827,1,0,1,0.0,0,5,107500,1955,2007,0
334,1.0,0,0,0,0,0,0,0,0,334,0,0,0,0.0,0,1,39300,1946,1950,0
707,2.5,0,1,0,0,1,2,1,0,1414,1,0,0,0.0,0,8,178000,2004,2004,1
820,2.0,1,0,0,1,0,0,0,0,1347,0,0,1,0.0,0,5,107500,1910,1991,0
880,2.5,0,0,0,1,0,2,1,0,1724,1,0,0,0.0,0,7,188000,1998,1999,1
864,1.0,0,0,0,1,0,2,0,1,864,0,0,1,0.0,0,4,111250,1972,1972,0
1159,1.5,0,0,0,1,1,1,0,1,1159,0,0,1,188.0,0,5,158000,1968,1968,0
1601,3.0,1,0,0,0,1,2,0,0,1601,1,0,0,479.0,0,8,272000,2001,2002,0
1838,3.0,1,1,1,0,1,3,1,0,1838,1,1,0,584.0,0,9,315000,2006,2006,1
997,2.5,0,0,0,0,1,3,1,0,2285,1,0,0,72.0,0,8,248000,2000,2000,1
1680,3.0,0,1,0,0,1,2,1,0,1680,1,0,0,0.0,0,7,213250,1998,1999,1
767,2.0,1,0,0,1,0,1,1,0,767,1,0,1,182.0,0,7,133000,1998,1998,1
664,3.5,1,0,0,0,1,2,0,0,1496,1,0,0,0.0,0,7,179665,2006,2006,1
1377,2.5,1,0,0,0,0,3,0,1,2183,0,0,0,178.0,0,7,229000,1988,1988,0
915,1.5,0,0,0,1,1,2,0,1,1635,1,0,1,0.0,0,6,210000,1923,1950,1
768,2.0,0,0,0,1,0,2,0,1,768,1,0,1,0.0,0,5,129500,1970,1970,0
825,2.0,0,0,0,1,0,2,0,0,825,0,0,1,0.0,0,5,125000,1955,1995,1
912,2.5,0,0,0,0,1,2,1,0,2094,1,0,0,0.0,0,7,263000,2003,2004,1
1069,2.0,0,0,0,1,0,2,0,0,1069,0,0,1,0.0,0,6,140000,1977,1977,1
928,1.0,0,0,0,1,0,1,1,0,928,0,0,1,0.0,0,5,112500,1957,1957,0
1717,2.0,0,1,0,0,1,3,0,0,1717,1,0,0,250.0,1,8,255500,2006,2006,1
1126,2.0,0,0,0,1,0,2,1,0,1126,1,0,0,0.0,0,4,108000,1949,2003,1
1006,3.5,1,0,0,0,1,3,0,0,2046,1,0,0,292.0,1,7,284000,2003,2004,1
1048,1.0,0,0,0,1,1,1,0,1,1048,0,0,1,0.0,0,5,113000,1922,1950,0
1092,2.0,0,0,0,1,1,1,1,0,1092,0,0,1,0.0,0,5,141000,1957,1957,0
897,1.5,0,0,0,1,0,1,0,1,1336,0,0,1,0.0,0,4,108000,1920,1950,1
729,3.0,1,0,0,1,1,2,0,1,1446,1,0,1,0.0,0,7,175000,1996,1997,1
1557,2.0,0,0,0,0,1,2,1,0,1557,1,0,0,18.0,0,7,234000,2003,2004,1
1392,2.5,0,0,0,1,1,2,0,1,1392,0,0,1,180.0,0,5,121500,1957,1996,0
1389,2.0,0,0,0,1,1,2,0,0,1389,0,0,1,0.0,0,5,170000,1974,1975,1
996,2.0,0,0,0,1,1,0,0,0,996,1,0,1,0.0,0,5,108000,1940,1969,0
1163,2.0,0,0,0,1,1,2,1,0,1674,1,0,1,0.0,0,6,185000,1918,1950,1
1166,3.5,1,0,0,0,1,2,0,0,2295,1,0,0,0.0,0,7,268000,1992,2000,1
841,2.5,0,0,0,1,0,1,0,1,1647,0,0,0,0.0,0,6,128000,1915,1950,1
1134,2.5,0,0,0,0,1,3,1,0,2504,1,1,0,245.0,0,9,325000,2005,2007,1
1535,2.0,1,0,0,0,0,2,0,0,1535,1,0,0,168.0,1,7,214000,2004,2004,0
1496,2.5,1,0,0,0,1,2,1,0,2132,1,0,0,0.0,0,8,316600,1983,2009,1
943,2.0,1,0,0,1,2,2,0,1,943,0,0,1,0.0,0,5,135960,1979,1979,0
1728,2.0,0,0,0,1,0,2,0,1,1728,0,0,1,108.0,0,5,142600,1965,1965,0
864,2.0,0,0,0,1,0,1,0,1,864,1,0,0,207.0,0,6,120000,1959,1959,0
846,2.5,0,1,0,1,0,2,0,0,1692,0,0,0,0.0,0,7,224500,2009,2009,1
774,2.5,0,0,0,1,1,2,0,0,1430,1,0,1,0.0,0,7,170000,2000,2000,0
576,1.5,0,0,0,1,0,1,0,1,1109,0,0,1,82.0,0,5,139000,1971,2005,0
832,1.0,0,0,0,1,0,1,0,1,1216,0,0,1,0.0,0,5,118500,1947,1950,0
877,2.5,0,0,0,1,1,1,0,1,1477,0,0,1,0.0,0,7,145000,1928,1950,1
1320,2.0,0,0,0,1,2,2,0,0,1320,1,0,1,97.0,0,5,164500,1966,1966,1
703,2.0,0,0,0,0,0,2,0,1,1392,1,0,0,0.0,0,7,146000,2007,2007,1
1050,2.0,0,0,0,1,0,1,0,1,1795,1,0,1,335.0,0,5,131500,1954,1954,0
1429,1.5,0,0,0,1,2,2,0,1,1429,1,0,0,85.0,0,6,181900,1960,1987,1
2042,2.5,0,1,1,0,1,3,0,0,2042,1,1,0,306.0,1,8,253293,2008,2009,1
816,2.0,1,0,0,1,0,0,0,0,816,0,0,1,104.0,0,6,118500,1990,1990,1
1521,3.5,0,0,1,0,1,2,0,1,2775,0,0,0,0.0,0,10,325000,1893,2000,1
989,1.0,0,0,0,1,0,1,0,1,1573,1,0,0,0.0,0,4,133000,1935,1995,0
2028,3.0,1,1,0,0,2,3,0,0,2028,1,0,0,208.0,0,8,369900,2005,2006,1
838,2.0,0,0,0,1,0,1,1,0,838,1,0,0,0.0,0,6,130000,1918,2000,0
860,2.0,0,0,0,1,0,2,0,1,860,0,0,1,0.0,0,5,137000,1982,1982,0
1473,3.0,1,0,0,1,2,1,0,1,1473,1,1,0,0.0,0,5,143000,1968,2003,1
779,1.0,0,0,0,1,0,1,0,1,935,0,0,1,0.0,0,5,79500,1930,1960,0
770,2.5,1,0,0,0,0,2,0,0,1582,1,0,0,0.0,0,7,185900,2004,2004,1
1728,3.5,1,1,1,0,1,3,0,0,2296,1,1,0,420.0,1,10,451950,2008,2008,1
816,2.0,1,0,0,1,0,2,1,0,816,1,0,1,0.0,0,5,138000,1982,2003,0
848,2.0,1,0,0,0,0,2,1,0,848,1,0,0,170.0,0,6,140000,2003,2003,0
924,1.0,0,0,0,1,0,1,0,1,924,0,0,1,0.0,0,5,110000,1975,1975,0
1826,3.0,1,0,0,0,1,3,1,0,1826,1,0,0,238.0,0,8,319000,2005,2006,1
684,1.0,0,0,0,1,0,1,0,1,1368,1,0,1,0.0,0,6,114504,1910,1993,1
1402,2.0,0,1,0,0,1,3,1,0,1402,1,0,0,72.0,0,7,194201,2006,2007,1
1647,3.0,0,0,0,1,1,2,1,0,1647,1,0,0,459.0,0,5,217500,1977,1977,0
716,3.5,0,0,0,1,1,2,1,0,1556,0,0,1,0.0,0,6,151000,1980,1980,0
1058,3.5,1,0,0,0,1,2,1,0,1904,1,1,0,280.0,1,8,275000,2005,2005,1
780,1.5,0,0,0,1,1,1,0,1,1375,0,0,0,0.0,0,6,141000,1937,1950,1
927,3.5,1,0,0,0,1,2,1,0,1915,1,0,0,0.0,0,8,220000,1992,1992,1
600,2.5,0,0,0,0,0,2,0,0,1200,1,0,0,0.0,0,7,151000,2004,2005,1
1494,3.0,1,0,0,0,1,2,0,0,1494,1,0,0,99.0,0,7,221000,2002,2002,1
1186,2.5,0,0,0,1,3,2,0,1,1986,0,0,1,176.0,0,7,205000,1965,1990,1
1040,2.0,1,0,0,1,0,2,0,1,1040,0,0,0,0.0,0,5,152000,1996,1996,0
1112,4.0,1,0,0,1,0,1,0,1,2008,1,1,0,0.0,0,5,225000,1948,2002,0
1940,2.5,0,0,0,1,2,2,0,1,3194,0,0,1,0.0,0,8,359100,1934,1998,0
1029,2.0,0,0,0,1,0,1,0,1,1029,0,0,1,192.0,0,4,118500,1961,1961,0
1476,3.5,1,1,0,0,2,3,1,0,2153,1,1,0,204.0,0,9,313000,2000,2000,1
1032,2.5,0,0,0,1,1,2,0,1,1032,0,0,1,233.0,0,6,148000,1978,1978,0
1299,3.5,1,0,0,0,1,2,0,0,1872,1,1,0,108.0,0,8,261500,2001,2001,1
1120,1.0,0,0,0,1,0,0,0,0,1120,1,0,1,0.0,0,5,147000,2007,2007,1
630,2.0,0,0,0,1,0,0,0,0,630,1,0,1,0.0,0,4,75500,1972,1972,1
1054,2.0,1,0,0,1,0,2,0,0,1054,1,0,0,156.0,0,6,137500,1963,1963,0
807,3.5,1,0,0,0,1,2,1,0,1509,1,0,0,0.0,0,6,183200,2002,2003,1
832,1.0,0,0,0,1,0,2,0,1,832,0,0,0,0.0,0,6,105500,1954,1954,0
1828,2.0,1,1,1,0,1,3,0,1,1828,1,0,0,452.0,1,9,314813,2007,2007,1
1482,3.5,1,0,0,0,2,3,1,0,2262,1,0,0,226.0,0,8,305000,2003,2003,0
864,2.0,0,0,0,1,0,0,0,0,864,0,0,1,0.0,0,3,67000,1914,1950,0
1548,2.5,0,0,0,1,1,2,0,0,2614,0,0,1,0.0,0,6,240000,1974,1997,1
980,1.0,0,0,0,1,0,2,0,1,980,0,0,1,153.0,0,5,135000,1977,1977,0
756,2.5,1,0,0,0,1,2,0,1,1512,1,0,0,513.0,0,6,168500,2000,2000,1
1012,3.0,0,0,0,1,1,2,0,0,1790,0,0,1,288.0,0,6,165150,1972,1972,0
1116,1.5,0,0,0,1,0,2,0,1,1116,0,0,1,261.0,0,6,160000,1962,1962,0
1422,1.0,0,0,0,1,1,1,0,0,1422,0,0,1,0.0,0,5,139900,1960,1978,0
1520,2.0,0,0,0,1,2,1,0,0,1520,1,0,1,164.0,0,6,153000,1955,1972,0
1040,2.5,0,0,0,1,2,2,0,1,2080,0,0,0,192.0,0,5,135000,1969,1969,0
1350,2.5,1,0,0,1,0,2,0,0,1350,0,0,1,259.0,0,6,168500,1964,1964,0
1089,1.0,0,0,0,1,0,1,0,1,1750,0,1,0,0.0,0,5,124000,1880,1991,0
1554,2.0,1,0,0,0,1,2,0,0,1554,1,0,0,108.0,1,8,209500,2006,2006,1
1411,2.0,0,0,0,1,1,2,1,0,1411,0,0,1,209.0,0,7,82500,1977,1977,0
1056,1.5,0,0,0,1,0,1,0,1,1056,0,0,1,0.0,0,5,139400,1954,2005,0
1056,2.0,1,0,0,1,0,2,0,1,1056,0,0,1,0.0,0,6,144000,1980,1980,1
1440,2.0,0,0,0,0,0,0,0,0,3395,1,0,0,0.0,0,6,200000,1914,1995,1
800,1.0,0,0,0,0,1,0,0,0,800,0,0,0,0.0,0,2,60000,1936,1950,0
811,2.0,0,0,0,1,0,1,0,1,1387,0,0,0,0.0,0,5,93000,1954,1954,0
796,1.0,0,0,0,1,0,0,0,0,796,0,0,1,0.0,0,5,85000,1910,1950,0
1567,3.0,1,0,0,0,1,3,1,0,1567,1,1,0,0.0,0,8,264561,2006,2006,0
1518,1.5,1,1,1,0,1,2,0,0,1518,1,1,0,472.0,1,8,274000,2003,2004,1
1057,3.5,1,0,0,0,1,2,1,0,1929,1,0,0,0.0,0,7,226000,2001,2001,1
2000,3.5,1,0,0,0,3,2,1,0,2704,0,1,0,0.0,0,8,345000,1972,1995,1
780,2.5,0,0,0,1,0,2,1,0,1620,1,0,1,263.0,0,5,152000,1969,1969,0
1766,3.5,1,1,1,0,1,3,1,0,1766,1,1,0,162.0,0,9,370878,2009,2009,1
981,2.5,0,0,0,1,0,2,0,1,981,0,0,1,0.0,0,6,143250,1971,1971,1
1048,1.0,0,0,0,1,0,2,0,1,1048,0,0,1,0.0,0,5,98300,1950,1950,1
1094,1.0,0,0,0,1,2,2,0,0,1094,1,0,1,216.0,0,6,155000,1953,1953,0
1051,1.5,0,0,0,1,1,2,0,1,1839,0,0,1,351.0,0,6,155000,1966,1966,1
630,2.0,0,0,0,1,0,0,0,0,630,0,0,1,0.0,0,4,84500,1970,1970,0
822,2.5,0,0,0,0,0,2,0,0,1665,1,0,0,103.685261707989,0,7,205950,2007,2007,0
755,2.0,0,0,0,1,1,1,0,1,1510,0,0,1,0.0,0,4,108000,1940,1950,0
909,2.5,0,0,0,0,1,2,0,0,1716,1,0,0,0.0,0,7,191000,1996,1996,1
756,1.0,0,0,0,1,0,1,0,1,1469,1,0,1,0.0,0,6,135000,1906,1995,0
2113,3.5,1,0,0,0,1,3,1,0,2113,1,0,0,660.0,0,8,350000,1995,1995,1
525,1.5,0,0,0,1,0,1,0,1,1092,0,0,1,381.0,0,6,88000,1971,1971,0
1053,2.5,0,0,0,0,0,1,0,0,1053,1,0,0,54.0,0,5,145500,1959,2006,0
851,1.5,0,0,0,1,1,1,0,0,1502,0,0,1,0.0,0,7,149000,1931,2000,0
912,1.5,0,0,0,1,1,1,0,1,1458,0,0,1,0.0,0,6,97500,1948,1950,0
1486,2.0,0,0,0,1,0,2,1,0,1486,1,0,1,0.0,0,5,167000,1964,1999,0
1142,2.5,0,0,0,1,1,2,0,0,1935,0,0,1,233.0,0,7,197900,1976,1976,1
1686,3.5,1,0,0,0,1,3,0,0,2448,1,0,0,528.0,0,8,402000,1994,2005,1
1392,2.0,0,0,0,1,2,2,0,0,1392,0,0,1,216.0,0,6,110000,1968,1968,0
1181,3.0,0,0,0,1,0,2,0,0,1181,0,0,1,0.0,0,4,137500,1972,1972,0
2097,2.5,1,1,0,0,1,3,1,0,2097,1,1,0,0.0,0,8,423000,2005,2006,1
1454,2.5,0,0,0,0,1,2,0,0,1936,1,0,0,40.0,0,8,230500,2000,2000,1
1465,2.5,0,0,0,1,1,2,0,1,2380,0,0,1,113.0,0,6,129000,1965,1979,1
1679,3.0,1,0,0,1,1,2,0,0,1679,1,0,0,258.0,0,6,193500,1994,1998,1
1437,2.5,0,0,0,1,1,2,0,1,1437,0,0,1,0.0,0,5,168000,1956,1987,0
1180,1.0,0,0,0,1,1,1,0,1,1180,1,0,0,0.0,0,4,137500,1922,1950,0
738,3.5,1,0,0,0,0,2,1,0,1476,1,0,0,0.0,0,6,173500,2005,2005,1
697,3.0,0,0,0,1,0,1,0,1,1369,0,0,1,0.0,0,6,103600,1925,1950,0
1208,2.5,0,0,0,0,1,2,0,0,1208,0,0,1,0.0,0,6,165000,1977,1977,1
1839,3.0,1,0,0,1,2,2,1,0,1839,1,0,0,106.0,0,6,257500,1957,2004,1
1136,2.0,0,0,0,1,1,1,0,0,1136,0,0,1,0.0,0,6,140000,1965,1965,0
855,2.5,0,0,0,1,1,2,0,1,1441,0,0,1,0.0,0,6,148500,1978,1978,0
1095,3.0,0,0,0,1,0,3,0,1,1774,0,0,1,0.0,0,4,87000,1900,1950,0
792,1.0,0,0,0,0,0,1,0,1,792,1,0,0,0.0,0,5,109500,1924,2006,0
2046,2.5,0,1,0,0,1,3,1,0,2046,1,0,0,464.0,0,8,372500,2008,2008,1
988,2.0,0,0,0,1,0,2,0,1,988,0,0,1,57.0,0,5,128500,1961,1961,0
923,2.0,0,0,0,1,1,1,0,0,923,0,0,1,0.0,0,6,143000,1980,1980,0
848,1.0,0,0,0,1,0,1,0,1,1520,1,0,1,0.0,0,5,159434,1932,2000,0
1291,2.0,1,0,0,1,1,2,0,1,1291,1,0,0,0.0,0,6,173000,1996,1997,0
1668,3.0,1,0,0,0,1,3,1,0,1668,1,0,0,215.0,0,9,285000,2002,2002,1
1195,2.5,0,0,0,0,0,2,1,0,1839,0,0,1,30.0,0,7,221000,1998,1998,1
1190,3.0,1,0,0,0,1,2,1,0,2090,0,0,0,0.0,0,7,207500,1984,1984,0
874,3.0,0,0,0,0,0,2,1,0,1761,1,0,0,0.0,0,7,227875,2007,2007,1
551,2.5,1,0,0,0,0,2,0,1,1102,1,0,0,0.0,0,7,148800,2004,2004,1
1419,3.0,1,0,0,0,1,2,0,0,1419,1,0,0,0.0,0,8,392000,2007,2007,0
1362,2.0,0,0,0,0,1,2,0,0,1362,1,0,0,256.0,1,6,194700,2005,2006,1
848,2.0,1,0,0,0,1,2,0,0,848,1,0,0,147.0,0,6,141000,2004,2004,0
2444,4.0,1,1,1,0,2,3,1,0,4316,1,1,0,1170.0,0,10,755000,1994,1995,1
1238,3.5,1,0,0,0,2,2,0,0,2519,1,0,0,293.0,0,7,335000,1989,1990,1
1073,1.0,0,0,0,1,0,1,0,1,1073,1,0,1,0.0,0,5,108480,1921,1968,0
1067,1.5,0,0,0,1,0,2,0,1,1539,0,0,1,0.0,0,5,141500,1936,1950,0
1137,3.0,1,0,0,1,1,2,0,1,1137,0,0,0,72.0,0,6,176000,1987,1987,0
616,1.0,0,0,0,1,0,1,0,1,616,0,0,1,0.0,0,5,89000,1921,1950,0
1148,1.5,0,1,0,1,0,1,0,1,1148,0,0,1,0.0,0,5,123500,1952,1952,0
894,2.0,1,0,0,1,1,1,0,1,894,1,0,1,0.0,0,5,138500,1965,2009,1
1391,2.0,1,0,0,0,0,2,0,0,1391,1,0,0,0.0,0,7,196000,2004,2004,1
1800,3.0,1,1,0,0,1,3,1,0,1800,1,0,0,630.0,0,8,312500,2002,2002,1
1164,1.5,0,0,0,1,0,2,0,1,1164,0,0,1,168.0,0,7,140000,1969,1969,0
1264,2.5,0,1,1,0,1,3,1,0,2576,1,1,0,466.0,0,8,361919,2006,2006,1
1032,2.0,0,0,0,1,1,2,0,1,1812,0,0,0,0.0,0,5,140000,1900,1996,0
1484,3.0,1,0,0,0,0,2,0,0,1484,1,0,0,109.0,0,7,213000,2004,2005,1
372,2.0,0,0,0,0,0,0,0,0,1092,0,0,0,0.0,0,4,55000,1930,1950,0
1824,3.0,1,0,0,1,2,2,0,1,1824,0,0,0,351.0,0,7,302000,1971,2002,1
1324,3.0,1,0,0,0,1,2,1,0,1324,1,0,0,176.0,1,8,254000,2006,2006,1
728,2.5,0,0,0,0,1,2,1,0,1456,1,0,0,0.0,0,7,179540,2007,2007,1
904,1.0,0,0,0,1,0,1,0,1,904,0,0,1,41.0,0,5,109900,1966,1966,0
729,1.0,0,0,0,0,0,0,0,0,729,0,0,1,0.0,0,3,52000,1935,2003,0
859,1.0,0,0,0,1,0,1,0,0,1178,0,0,1,0.0,0,4,102776,1900,1950,0
1228,3.0,1,0,0,0,1,2,1,0,1228,0,0,0,0.0,0,8,189000,1988,1989,1
960,2.0,0,0,0,1,0,2,0,1,960,0,0,1,160.0,0,4,129000,1970,1970,1
725,2.5,1,0,0,0,0,2,0,0,1479,1,0,0,289.0,0,6,130500,1976,2005,1
1350,2.0,0,0,0,1,1,2,0,0,1350,0,0,1,174.0,0,6,165000,1974,1974,0
1576,1.5,0,0,0,1,0,2,0,1,2554,1,0,1,0.0,0,7,159500,1890,1998,1
1178,2.0,0,0,0,1,1,2,0,1,1178,0,0,0,0.0,0,5,157000,1973,2000,0
1325,3.5,1,0,0,0,1,3,0,0,2418,1,0,0,651.0,0,7,341000,1993,1994,1
971,1.5,0,0,0,1,1,1,0,1,971,0,0,1,0.0,0,5,128500,1969,1969,0
1742,3.0,1,0,0,0,1,2,0,0,1742,0,0,0,0.0,0,8,275000,1985,1985,1
848,2.0,1,0,0,0,0,2,0,0,848,1,0,0,169.0,0,6,143000,2004,2004,0
864,1.0,0,0,0,1,0,2,0,1,864,1,0,1,0.0,0,4,124500,1970,1970,0
997,2.0,0,0,0,1,0,1,0,1,1470,1,0,1,0.0,0,4,135000,1954,1972,0
1698,3.0,1,1,1,0,1,3,1,0,1698,1,1,0,340.0,0,9,320000,2007,2008,1
864,1.0,0,0,0,1,0,2,0,1,864,0,0,0,0.0,0,4,120500,1970,1970,0
1680,3.0,1,0,0,0,1,2,1,0,1680,1,0,0,260.0,0,6,222000,1988,2007,1
1232,3.0,1,0,0,0,0,2,0,0,1232,1,0,0,82.0,0,7,194500,2007,2007,0
1776,3.0,0,0,0,1,0,3,0,1,1776,0,0,1,95.0,0,5,110000,1958,1958,1
848,1.0,0,0,0,1,0,2,0,1,1208,0,0,1,0.0,0,4,103000,1925,1950,1
1616,3.0,1,0,0,0,1,2,0,0,1616,1,0,0,0.0,0,8,236500,1995,1996,1
1146,3.0,1,1,0,0,1,2,1,0,1146,1,0,0,442.0,0,7,187500,2003,2003,1
1153,2.5,0,0,0,0,1,2,1,0,2031,1,0,0,202.0,0,7,222500,1998,1999,1
1144,2.0,0,0,0,1,1,1,0,0,1144,1,0,1,0.0,0,5,131400,1961,1983,0
948,1.0,0,0,0,1,0,1,0,1,948,0,0,1,0.0,0,5,108000,1968,1968,0
880,1.5,0,0,0,1,2,2,0,1,1768,0,0,1,0.0,0,7,163000,1914,1970,1
1040,2.0,0,0,0,1,0,2,0,1,1040,0,0,1,0.0,0,3,93500,1950,1950,0
901,2.5,0,0,0,0,1,3,1,0,1801,1,0,0,0.0,0,8,239900,2005,2005,1
1200,6.0,1,0,0,1,0,0,0,0,1200,0,0,1,0.0,0,5,179000,1987,1988,0
864,2.5,0,0,0,0,0,2,0,0,1728,1,0,0,0.0,0,7,190000,2004,2004,1
768,2.0,0,0,0,1,0,2,0,1,1432,1,0,1,0.0,0,5,132000,1910,2002,0
912,2.5,1,0,0,1,0,1,0,1,912,0,0,0,0.0,0,6,142000,1961,1996,0
1349,2.0,0,0,0,1,0,2,0,1,1349,1,0,1,108.0,0,7,179000,2000,2001,1
1464,2.5,0,0,0,1,1,2,0,0,1464,1,0,1,0.0,0,5,175000,1963,1999,0
1337,3.0,1,0,0,0,1,2,0,0,1337,0,0,0,0.0,0,8,180000,1993,1993,0
1175,4.0,1,0,1,0,2,2,1,0,2715,1,0,0,289.0,0,8,299800,1976,1996,1
980,2.5,1,0,0,0,1,2,1,0,2256,1,0,0,0.0,0,7,236000,2000,2000,1
1320,1.5,0,0,0,0,1,4,0,1,2640,0,0,0,0.0,0,7,265979,1880,2003,0
1720,3.0,1,0,0,0,1,2,1,0,1720,1,0,0,338.0,0,7,260400,1996,1996,1
1088,2.0,0,0,0,1,0,1,0,1,1529,0,0,1,0.0,0,4,98000,1945,1950,0
792,1.0,0,0,0,1,0,0,0,0,1140,0,0,1,0.0,0,4,96500,1910,2004,1
660,2.5,0,0,0,0,0,2,1,0,1320,1,0,0,0.0,0,7,162000,2003,2003,1
1494,3.0,1,0,0,1,0,2,0,0,1494,1,0,0,0.0,0,6,217000,1997,1997,1
1038,2.5,0,0,0,0,1,3,0,0,2098,0,1,0,178.0,1,8,275500,2005,2005,1
1026,2.0,1,0,0,1,0,2,0,0,1026,0,0,0,0.0,0,6,156000,1969,2005,1
742,2.5,1,0,0,1,0,2,0,1,1471,0,0,1,894.0,0,6,172500,1999,1999,1
866,2.5,1,0,0,0,0,2,0,0,1768,1,0,0,0.0,0,8,212000,2007,2007,1
672,2.5,0,0,0,1,1,2,1,0,1386,0,0,1,328.0,0,6,158900,1978,1978,0
757,2.5,0,0,0,1,0,2,0,1,1501,0,0,1,360.0,0,7,179400,1999,1999,0
1328,2.5,0,0,0,0,1,3,0,0,2531,1,0,0,513.0,0,8,290000,1995,1995,1
864,1.0,0,0,0,1,0,1,0,1,864,1,0,1,0.0,0,6,127500,1959,1959,0
1301,1.0,0,0,0,1,0,2,0,1,1301,0,0,0,0.0,0,5,100000,1924,1950,0
764,2.5,1,0,0,1,0,2,0,1,1547,1,0,0,0.0,0,7,215200,2009,2009,1
1268,3.5,1,0,0,0,1,3,0,0,2365,1,0,0,673.0,0,8,337000,1999,1999,1
1494,2.5,0,0,0,0,1,2,1,0,1494,1,1,0,0.0,0,8,270000,1995,1996,1
1506,2.0,0,0,0,0,1,2,1,0,1506,1,1,0,284.0,0,9,264132,2008,2008,1
980,2.5,1,0,0,1,1,2,0,1,1714,0,0,1,42.0,0,7,196500,1988,1988,1
983,3.0,0,0,0,1,0,1,0,1,1750,1,0,1,0.0,0,6,160000,1940,1985,0
1836,2.0,1,0,0,0,1,2,1,0,1836,1,0,0,0.0,0,7,216837,2004,2005,1
1690,4.5,0,0,1,0,1,3,1,0,3279,1,1,0,603.0,0,8,538000,2003,2003,1
858,2.0,1,0,0,1,0,2,0,1,858,0,0,1,0.0,0,5,134900,1982,1982,0
1220,1.0,0,0,0,1,0,2,0,1,1220,0,0,1,0.0,0,4,102000,1951,1951,0
1117,2.0,0,0,0,1,1,2,0,1,1117,0,0,1,0.0,0,6,107000,1976,1976,0
912,1.0,0,0,0,1,0,1,0,0,912,1,0,1,1.0,0,5,114500,1958,1958,0
1973,2.0,0,0,0,0,1,3,1,0,1973,0,0,0,375.0,1,8,395000,2006,2006,1
1204,3.0,1,1,0,1,0,2,1,0,1204,1,0,1,320.0,0,6,162000,1998,1998,1
1614,2.0,1,0,0,0,0,3,0,0,1614,1,0,0,240.0,0,7,221500,2005,2006,1
894,2.0,0,0,0,1,1,2,0,1,894,0,0,1,0.0,0,5,142500,1974,1974,0
2020,2.0,0,0,0,1,2,2,0,1,2020,0,0,1,320.0,0,5,144000,1977,1977,0
1004,2.0,1,0,0,1,0,2,0,1,1004,0,0,1,90.0,0,6,135000,1977,1977,0
1253,2.0,0,0,0,1,1,2,1,0,1253,0,0,1,38.0,0,7,176000,1995,1996,1
810,2.5,0,0,0,0,0,2,0,0,1603,1,0,0,0.0,0,6,175900,1992,1992,1
1430,2.0,0,0,0,0,0,2,0,0,1430,1,0,0,0.0,0,7,187100,2001,2002,1
1110,2.0,1,0,0,1,1,2,1,0,1110,1,0,0,104.0,0,5,165500,1978,1978,1
742,2.0,0,0,0,1,1,0,0,0,1484,1,0,1,0.0,0,6,128000,1914,2001,1
1342,2.0,0,0,0,1,1,2,0,1,1342,0,0,1,0.0,0,6,161500,1967,1967,0
966,3.0,0,0,0,1,0,1,0,1,1652,0,0,1,0.0,0,5,139000,1915,1950,0
956,3.5,1,0,0,0,0,2,0,0,2084,1,0,0,0.0,0,7,233000,2004,2004,1
901,1.0,0,0,0,1,0,1,0,1,901,1,0,1,0.0,0,4,107900,1954,2000,0
976,2.5,0,0,0,1,0,2,1,0,2087,0,0,0,157.0,0,6,187500,1966,2007,1
1145,2.0,1,0,0,0,1,2,1,0,1145,1,0,0,11.0,0,7,160200,2005,2006,1
1062,2.0,0,0,0,1,2,2,0,0,1062,0,0,1,0.0,0,6,146800,1976,1976,0
1127,3.5,1,0,0,0,1,2,0,1,2013,1,0,1,0.0,0,7,269790,1996,1997,1
1496,2.0,0,0,0,0,0,2,1,0,1496,1,0,0,140.0,0,8,225000,2007,2007,1
1086,2.5,0,0,0,0,1,2,1,0,1895,1,0,0,0.0,0,7,194500,1994,1996,1
888,2.5,0,0,0,1,1,2,0,1,1564,0,0,1,130.0,0,6,171000,1980,1981,1
1285,1.5,0,0,0,1,1,2,0,0,1285,1,0,1,148.0,0,6,143500,1977,1977,0
773,1.0,0,0,0,1,0,1,0,1,773,0,0,1,0.0,0,5,110000,1953,1953,0
1966,3.5,0,1,1,0,2,3,1,0,3140,1,1,0,860.0,1,9,485000,2008,2009,1
981,2.5,0,0,0,1,2,1,0,1,1768,1,0,0,252.0,0,5,175000,1937,1950,0
616,3.5,1,0,0,1,0,2,0,0,1688,0,0,0,0.0,0,6,200000,1997,1997,1
1196,2.0,0,0,0,1,0,2,0,1,1196,1,0,1,0.0,0,4,109900,1916,1990,0
728,3.5,1,0,0,0,1,2,1,0,1456,1,0,0,0.0,0,7,189000,2005,2005,1
1734,3.5,0,1,1,0,1,3,0,0,2822,1,1,0,424.0,1,9,582933,2008,2009,1
1128,1.0,0,0,0,1,0,1,0,1,1128,0,0,1,0.0,0,5,118000,1954,1954,0
1428,2.0,0,0,0,0,0,2,0,0,1428,1,1,0,256.0,0,7,227680,2008,2008,1
980,2.0,0,0,0,1,0,1,1,0,980,0,0,1,0.0,0,5,135500,1967,1967,0
1072,3.5,1,0,0,1,1,2,0,0,1576,1,0,0,0.0,0,5,223500,1923,2004,1
1086,2.0,0,0,0,1,1,2,0,0,1086,0,0,1,1047.0,0,5,159950,1966,1966,0
1075,2.0,0,0,0,1,0,2,0,1,2138,0,0,1,0.0,0,5,106000,1898,1965,1
1309,2.5,0,0,0,1,1,2,0,0,1309,0,0,0,99.0,0,6,181000,1974,1999,0
848,2.0,1,0,0,0,1,2,1,0,848,1,0,0,169.0,0,6,144500,2004,2004,0
1044,1.0,0,0,0,0,0,2,0,1,1044,0,0,0,0.0,0,5,55993,1952,1952,0
1442,1.5,0,0,0,1,0,1,0,0,1442,0,0,1,243.0,0,6,157900,1958,1958,0
686,2.0,0,0,0,1,0,1,0,1,1250,0,0,0,0.0,0,5,116000,1918,1950,0
1661,2.0,0,0,0,1,0,2,0,0,1661,1,0,0,442.0,0,7,224900,1998,1998,1
1008,1.0,0,0,0,1,1,1,0,0,1008,0,0,1,0.0,0,5,137000,1954,1954,0
1689,3.0,1,0,0,0,2,3,0,0,1689,1,0,0,148.0,0,8,271000,2002,2002,1
1052,2.0,1,0,0,1,0,2,0,1,1052,0,0,1,80.0,0,6,155000,1971,1971,0
1358,3.0,1,0,0,0,1,2,0,0,1358,1,0,0,128.0,1,7,224000,2009,2010,1
798,2.5,0,0,0,0,0,2,0,0,1640,1,0,0,0.0,0,7,183000,2003,2003,1
936,1.0,0,0,0,0,0,2,0,1,936,0,0,1,0.0,0,4,93000,1953,1953,1
847,2.5,0,0,0,0,1,2,1,0,1733,1,0,0,0.0,0,7,225000,2003,2003,1
944,2.0,0,0,0,1,1,1,0,1,1489,0,0,1,0.0,0,6,139500,1940,1950,0
1489,2.0,0,0,0,0,1,2,0,0,1489,1,0,0,0.0,0,8,232600,2006,2006,1
2084,3.0,1,1,1,0,1,3,1,0,2084,1,1,0,816.0,1,10,385000,2007,2008,1
784,2.0,0,0,0,1,0,0,0,0,784,0,0,0,0.0,0,5,109500,1924,1950,0
1434,2.0,1,0,0,0,1,2,0,0,1434,1,0,0,0.0,0,7,189000,2001,2001,1
1160,3.0,0,0,0,1,0,2,1,0,2126,0,0,1,0.0,0,5,185000,1967,1967,0
520,2.5,0,0,0,0,0,2,0,0,1223,1,0,0,0.0,0,7,147400,2005,2005,1
1392,2.5,0,0,0,1,2,2,0,0,1392,0,0,1,387.0,0,6,166000,1957,1957,0
520,2.5,0,0,0,1,0,2,0,0,1200,1,0,0,0.0,0,7,151000,2005,2005,1
941,3.5,1,0,0,0,1,2,0,0,1829,1,0,0,223.0,0,7,237000,2003,2003,1
1516,1.5,0,0,0,1,0,2,0,0,1516,0,0,1,180.0,0,6,167000,1964,1964,0
1144,2.0,0,0,0,1,0,2,0,1,1144,0,0,1,136.0,0,5,139950,1961,1961,0
1067,2.0,0,0,0,1,0,2,0,1,1067,0,0,0,0.0,0,4,128000,1950,1995,0
1559,2.0,0,0,0,1,0,2,0,1,1559,0,0,1,0.0,0,5,153500,1948,1973,1
483,2.5,0,0,0,1,0,1,0,1,987,0,0,1,158.0,0,6,100000,1973,1973,0
1099,1.5,0,0,0,1,0,1,0,1,1099,1,0,0,0.0,0,5,144000,1995,2006,0
768,1.0,0,0,0,1,0,1,0,1,1200,1,0,1,0.0,0,5,130500,1946,1995,0
810,2.0,0,0,0,1,0,1,0,1,1482,0,0,0,0.0,0,6,140000,1925,1950,0
958,2.0,0,0,0,1,1,2,0,1,1539,0,0,0,0.0,0,5,157500,1904,2002,1
1165,2.5,0,0,0,1,0,2,0,0,1165,0,0,1,183.0,0,6,174900,1966,1966,1
1800,2.0,0,0,0,1,0,0,0,0,1800,1,0,1,0.0,0,5,141000,1961,1961,0
876,1.5,0,0,0,1,1,3,0,1,1416,0,0,1,0.0,0,5,153900,1915,1950,0
1701,3.0,0,0,0,1,2,2,1,0,1701,0,0,1,0.0,0,5,171000,1975,1981,0
1006,3.5,0,0,0,0,1,2,0,1,1775,1,0,0,137.0,0,7,213000,1993,1993,1
864,2.0,0,0,0,1,1,1,0,1,864,1,0,1,0.0,0,5,133500,1972,1972,0
1307,3.0,0,0,0,1,1,2,0,1,2358,0,0,1,0.0,0,6,240000,1908,1997,1
1094,2.5,0,0,0,0,1,2,0,0,1855,1,0,1,360.0,0,6,187000,1976,1994,1
848,2.0,1,0,0,0,0,2,1,0,848,1,0,0,170.0,0,6,131500,2003,2003,0
1456,2.0,0,0,0,0,1,2,1,0,1456,1,0,0,40.0,0,8,215000,2003,2003,1
918,2.0,0,0,0,1,2,1,0,1,1646,0,0,1,0.0,0,7,164000,1941,1950,0
1445,1.5,0,0,0,1,1,2,0,0,1445,0,0,1,115.0,0,6,158000,1964,1964,0
1779,2.5,0,0,0,1,1,2,0,1,1779,0,0,1,0.0,0,5,170000,1955,1974,1
1040,2.5,0,0,0,1,0,1,0,1,1040,1,0,1,0.0,0,5,127000,1962,2010,1
1026,2.0,1,0,0,1,0,2,0,1,1026,0,0,1,0.0,0,6,147000,1978,1978,0
702,2.5,0,0,0,1,1,2,1,0,1481,0,0,1,0.0,0,6,174000,1994,1995,1
1370,2.0,0,0,0,1,1,2,0,0,1370,0,0,1,189.0,0,7,152000,1976,1976,0
1512,3.5,0,0,0,1,1,2,0,1,2654,0,0,0,220.0,0,6,250000,1968,1984,1
912,1.5,0,0,0,0,1,1,0,1,1426,0,0,0,0.0,0,7,189950,1918,1998,1
1039,2.5,0,0,0,1,0,2,0,1,1039,1,0,1,0.0,0,5,131500,1965,1965,0
1097,2.0,1,0,0,1,0,2,0,1,1097,0,0,1,0.0,0,6,152000,1984,1985,0
1148,2.0,0,0,0,1,0,1,0,1,1148,0,0,1,0.0,0,5,132500,1959,1959,0
1372,2.0,0,1,0,0,0,2,1,0,1372,1,0,0,0.0,0,7,250580,2007,2008,1
1002,2.0,0,0,0,1,0,2,0,1,1002,0,0,1,76.0,0,5,148500,1970,1970,0
1646,2.0,0,0,0,0,1,3,0,0,1646,1,0,0,274.0,0,8,248900,2006,2007,1
1120,2.5,0,0,0,1,0,2,0,0,1120,0,0,0,0.0,0,4,129000,1961,1961,0
1547,2.0,0,0,0,1,1,2,0,1,2320,0,0,1,0.0,0,5,169000,1948,1950,1
1062,3.5,1,0,0,0,1,2,1,0,1949,1,0,0,246.0,0,7,236000,1993,1994,1
894,1.0,0,0,0,1,0,1,0,1,894,0,0,1,0.0,0,5,109500,1962,1962,0
804,2.5,1,0,0,1,0,2,0,0,1682,1,0,0,116.0,0,6,200500,1998,1998,1
910,1.0,0,0,0,0,0,2,0,1,910,0,0,0,0.0,0,5,116000,1953,1996,0
1036,1.0,0,0,0,0,1,1,0,1,1268,0,0,1,0.0,0,5,133000,1949,1950,1
676,1.5,0,0,0,1,0,1,0,1,1131,1,0,1,0.0,0,5,66500,1941,1950,0
1184,2.5,1,0,0,0,1,2,1,0,2610,1,1,0,0.0,0,8,303477,2007,2007,1
1040,2.0,0,0,0,1,0,2,0,1,1040,0,0,1,0.0,0,4,132250,1963,1963,0
1462,3.5,1,1,0,0,1,3,1,0,2224,1,1,0,216.0,1,9,350000,2004,2005,0
1155,2.0,0,0,0,1,0,2,0,1,1155,0,0,0,0.0,0,5,148000,1961,1995,0
864,2.0,0,0,0,0,0,1,0,1,864,1,0,1,90.0,0,5,136500,1978,2005,0
1090,2.5,0,1,0,1,0,2,1,0,1090,0,0,1,0.0,0,5,157000,2005,2006,1
1187,2.5,0,0,0,0,1,2,0,0,1717,1,0,0,117.0,0,7,187500,1990,1991,1
808,2.5,0,0,0,1,1,2,0,0,1593,0,0,1,0.0,0,6,178000,1992,1993,1
954,2.0,0,0,0,0,0,1,0,1,2230,0,0,1,0.0,0,4,118500,1912,1950,1
892,1.0,0,0,0,1,0,1,0,0,892,0,0,1,60.0,0,5,100000,1967,1967,0
1709,3.0,1,1,0,0,1,2,1,0,1709,1,0,0,60.0,0,9,328900,1999,2000,1
1712,2.0,0,0,0,1,0,2,1,0,1712,1,0,1,122.0,0,5,145000,1959,2005,1
872,1.5,0,0,0,1,0,1,0,1,1393,0,0,1,0.0,0,5,135500,1955,1955,0
2217,3.0,0,0,0,0,1,2,0,1,2217,1,0,0,0.0,0,8,268000,1970,1970,1
1505,2.0,0,0,0,1,1,2,0,0,1505,1,0,1,90.0,0,6,149500,1953,1953,0
672,1.0,0,0,0,1,1,2,0,1,924,1,0,1,0.0,0,5,122900,1949,2006,0
918,2.5,0,0,0,1,1,2,0,0,1683,0,0,1,92.0,0,6,172500,1978,1978,0
1068,1.5,1,0,0,1,0,1,0,0,1068,0,0,1,0.0,0,6,154500,1963,2003,0
1383,2.0,0,0,0,1,1,1,0,1,1383,0,0,1,0.0,0,5,165000,1954,1954,1
1535,2.0,0,0,0,1,0,2,0,1,1535,0,0,1,0.0,0,5,118858,1979,1979,0
983,2.5,0,0,0,1,1,2,0,0,1796,0,0,1,415.0,0,6,140000,1963,1963,1
951,1.0,0,0,0,1,0,1,0,1,951,1,0,1,0.0,0,4,106500,1936,1950,1
1120,2.0,0,0,0,1,0,2,0,1,2240,0,0,1,0.0,0,5,142953,1979,1979,0
2364,3.5,1,1,1,0,2,3,1,0,2364,1,1,0,760.0,1,9,611657,2009,2010,1
1236,1.0,0,0,0,1,1,1,0,1,1236,0,0,1,0.0,0,5,135000,1961,1994,0
858,1.0,0,0,0,1,0,1,0,1,858,0,0,1,0.0,0,4,110000,1971,1971,0
1306,2.0,0,0,0,1,0,1,0,1,1306,0,0,1,0.0,0,5,153000,1957,2000,0
807,2.5,0,0,0,0,1,2,1,0,1509,1,0,0,0.0,0,7,180000,2003,2003,1
1670,2.0,0,0,0,0,1,3,0,0,1670,1,0,0,27.0,0,7,240000,2006,2006,1
902,1.0,1,0,0,1,0,1,0,1,902,0,0,1,75.0,0,5,125500,1967,1967,0
1063,2.0,0,0,0,1,0,1,0,0,1063,0,0,1,110.0,0,5,128000,1954,1954,0
1636,3.0,1,0,0,0,1,3,0,0,1636,1,0,0,208.0,0,8,255000,2006,2006,1
1020,1.5,0,0,0,0,1,1,1,0,2057,0,0,0,0.0,0,7,250000,1936,1987,0
902,2.0,0,0,0,1,0,2,0,1,902,0,0,1,0.0,0,5,131000,1983,1983,0
742,2.5,0,0,0,0,1,2,1,0,1484,1,0,0,0.0,0,6,174000,2005,2005,1
1105,2.0,0,0,0,1,0,2,0,1,2274,0,0,1,361.0,0,5,154300,1960,1960,0
1268,1.5,0,0,0,1,0,1,0,1,1268,0,0,0,0.0,0,5,143500,1977,1989,0
1015,1.0,0,0,0,1,0,1,0,1,1015,0,0,1,0.0,0,5,88000,1925,1950,0
1001,2.0,0,0,0,1,0,3,0,1,2002,0,0,1,0.0,0,5,145000,1949,1950,0
612,2.5,1,0,0,0,0,2,0,0,1224,1,0,0,76.0,0,6,173733,2009,2009,1
546,1.5,0,0,0,1,0,1,0,1,1092,0,0,1,80.0,0,4,75000,1970,1970,0
480,1.0,0,0,0,1,0,1,0,1,480,0,0,1,0.0,0,2,35311,1949,1950,0
1229,1.0,0,0,0,1,0,1,0,0,1229,1,0,1,0.0,0,4,135000,1956,1956,0
912,3.5,0,1,0,0,1,3,0,0,2127,1,0,0,0.0,0,7,238000,1991,1991,1
1414,2.0,0,0,1,0,1,2,0,1,1414,1,0,1,0.0,0,6,176500,1958,2002,1
936,3.0,1,0,0,0,0,2,0,0,1721,1,0,0,105.0,0,6,201000,1994,1994,1
1272,5.0,0,0,0,1,0,0,0,0,2200,0,0,1,0.0,0,5,145900,1900,2003,1
1316,2.0,1,0,0,0,1,2,1,0,1316,1,0,0,0.0,0,6,169990,2005,2006,0
1617,3.0,0,0,0,0,1,2,0,0,1617,1,0,0,0.0,0,6,193000,1993,1994,1
1686,3.0,0,0,0,1,1,2,0,1,1686,0,0,1,157.0,0,6,207500,1980,1980,1
1126,2.5,0,0,0,1,0,2,0,0,1126,0,1,0,0.0,0,5,175000,1977,1977,0
1234,2.5,0,0,0,0,1,3,1,0,2374,1,1,0,340.0,1,8,285000,2003,2004,1
1098,2.5,0,0,0,1,1,2,0,0,1978,0,0,1,342.0,0,7,176000,1968,1968,1
1788,2.0,0,0,0,0,1,2,0,0,1788,1,1,0,0.0,0,8,236500,2001,2001,1
993,2.5,0,0,0,1,1,2,1,0,2236,0,0,0,285.0,0,7,222000,1997,1997,0
1466,2.0,1,0,0,0,0,3,1,0,1466,1,0,0,0.0,0,8,201000,2007,2007,1
925,1.5,0,0,0,1,0,1,0,1,925,1,0,1,0.0,0,5,117500,1965,1965,0
1905,2.0,0,1,1,0,1,3,1,0,1905,1,1,0,302.0,0,9,320000,2006,2006,1
1500,2.0,1,0,0,0,0,2,0,0,1500,1,0,0,210.0,0,7,190000,2004,2004,1
2069,3.0,1,0,0,1,1,2,0,0,2069,1,0,0,0.0,0,7,242000,1960,2007,0
747,1.0,0,0,0,1,0,2,0,1,747,0,0,1,108.0,0,4,79900,1926,1953,0
1200,3.0,1,0,0,0,0,2,0,0,1200,1,0,0,103.685261707989,0,7,184900,2003,2003,1
1113,2.5,1,0,0,0,1,2,0,0,1971,1,0,0,0.0,0,7,253000,2005,2005,1
1391,2.5,1,0,0,0,0,3,0,0,1962,1,0,0,0.0,0,7,239799,2006,2006,1
1207,2.0,0,0,0,1,2,1,0,1,2403,1,0,1,0.0,0,7,244400,1940,1950,0
1728,2.0,0,0,0,1,0,2,0,1,1728,0,0,1,0.0,0,6,150900,1976,1976,0
1022,3.5,0,0,0,0,1,2,0,0,2060,1,0,0,298.0,0,7,214000,1999,1999,0
1440,4.0,1,0,0,1,0,0,0,0,1440,0,0,1,0.0,0,4,150000,1977,1977,0
1632,2.0,0,0,0,1,0,2,0,1,1632,0,0,1,0.0,0,5,143000,1967,1967,0
1344,1.5,1,0,0,1,1,2,0,0,1344,0,0,0,541.0,0,6,137500,1958,1958,1
1188,1.0,0,0,0,1,0,2,0,1,1869,0,0,1,0.0,0,5,124900,1890,1996,0
1144,2.0,0,0,0,1,1,1,0,0,1144,0,0,1,128.0,0,5,143000,1959,1959,0
1629,3.0,1,0,0,0,1,3,1,0,1629,1,0,0,236.0,0,8,270000,2002,2003,1
936,2.5,0,0,0,0,1,2,0,0,1776,1,0,0,144.0,0,7,192500,2002,2002,1
1381,2.5,0,0,0,1,1,2,0,0,1381,0,0,0,0.0,0,6,197500,1972,2006,0
864,2.0,0,0,0,1,0,2,0,0,864,0,0,0,0.0,0,5,129000,1950,2002,0
965,2.0,0,0,0,1,0,1,0,1,965,0,0,1,0.0,0,5,119900,1965,1965,0
768,1.5,1,0,0,1,0,1,1,0,768,0,0,1,0.0,0,5,133900,1972,2003,0
1168,3.0,0,0,0,1,1,2,0,0,1968,1,0,1,232.0,0,5,172000,1969,1969,1
980,3.0,1,0,0,1,0,0,0,0,980,0,0,1,250.0,0,6,127500,1975,1975,0
979,2.0,0,0,0,1,0,2,0,1,1958,0,0,1,423.0,0,6,145000,1946,1950,0
561,1.5,0,0,0,1,1,2,1,0,1229,0,0,1,0.0,0,6,124000,1980,1980,0
1057,1.0,0,0,0,1,0,2,1,0,1057,0,0,1,0.0,0,5,132000,1962,1962,0
1337,3.0,1,0,0,0,0,2,0,0,1337,1,0,0,0.0,0,7,185000,2003,2003,1
696,3.5,0,0,0,0,0,2,0,1,1416,1,0,0,0.0,0,7,155000,1999,1999,1
858,2.0,0,0,0,1,0,0,0,0,858,0,0,1,0.0,0,5,116500,1958,2008,0
1542,3.5,0,0,0,1,1,2,1,0,2872,0,0,1,424.0,0,6,272000,1977,1995,1
804,3.5,0,0,0,1,1,2,0,1,1548,0,0,0,0.0,0,6,155000,1976,1976,0
1800,2.0,0,1,0,0,0,2,1,0,1800,1,1,0,0.0,0,9,239000,2007,2007,1
824,3.5,1,0,0,0,1,2,1,0,1894,1,0,0,44.0,0,7,214900,2002,2003,1
783,2.5,0,0,0,0,1,2,1,0,1484,1,0,0,0.0,0,6,178900,2005,2007,1
976,2.5,0,0,0,0,2,1,0,1,1308,1,0,1,0.0,0,5,160000,1940,1950,1
1098,2.0,0,0,0,1,0,1,0,1,1098,0,0,1,151.0,0,5,135000,1955,1955,0
600,1.0,0,0,0,1,0,0,0,0,968,0,0,1,0.0,0,3,37900,1910,1950,0
1095,2.0,0,0,0,1,0,1,0,0,1095,0,0,1,105.0,0,6,140000,1958,1958,0
720,1.5,0,0,0,1,0,0,0,0,1192,0,0,1,0.0,0,4,135000,1949,1950,0
764,2.0,1,0,0,0,0,2,0,0,1626,1,0,0,106.0,1,7,173000,2003,2004,1
918,2.0,0,0,0,1,1,1,0,1,918,0,0,1,0.0,0,6,99500,1979,1979,0
1428,2.0,0,0,0,0,0,2,1,0,1428,1,0,0,103.685261707989,0,7,182000,2007,2008,1
1136,1.0,0,0,0,1,0,2,0,1,2019,0,0,0,0.0,0,7,167500,1910,1993,1
673,3.5,1,0,0,0,0,2,0,1,1382,1,0,0,0.0,0,7,165000,2000,2000,1
869,1.0,0,0,0,1,0,0,0,0,869,0,0,0,0.0,0,4,85500,1923,1958,0
1241,2.5,1,0,0,0,0,2,1,0,1241,1,0,0,103.685261707989,0,7,199900,2006,2007,1
894,1.0,0,0,0,1,0,2,0,1,894,1,0,1,0.0,0,4,110000,1954,1954,0
1121,2.0,0,0,0,1,0,2,0,1,1121,0,0,1,0.0,0,5,139000,1963,1963,1
999,2.0,0,0,1,0,0,2,0,0,999,0,1,0,210.0,0,7,178400,1961,2007,1
1276,3.5,1,0,0,0,1,3,1,0,2612,1,0,0,975.0,0,8,336000,1998,1999,0
1266,2.0,0,0,0,0,1,2,1,0,1266,1,0,0,16.0,0,7,159895,2007,2007,1
1149,2.5,0,0,0,0,1,2,0,1,2290,1,0,0,0.0,0,8,255900,2002,2002,0
1302,2.0,0,0,0,1,0,2,0,1,1734,0,0,0,0.0,0,5,126000,1977,1977,0
1164,2.0,0,0,0,1,0,1,0,1,1164,0,0,1,0.0,0,5,125000,1950,1950,1
1001,1.0,0,0,0,1,0,1,0,1,1635,0,0,0,0.0,0,6,117000,1910,2003,0
1940,3.5,1,1,1,0,1,3,1,0,1940,1,1,0,450.0,1,9,395192,2009,2010,1
1118,2.5,0,0,0,1,1,2,1,0,2030,0,0,0,298.0,0,6,195000,1976,1976,1
778,2.5,0,0,0,0,0,2,0,0,1576,1,0,0,0.0,0,7,197000,2006,2006,1
1407,3.5,1,0,0,0,1,3,1,0,2392,1,0,0,423.0,0,8,348000,1997,1998,1
916,1.5,0,0,0,0,1,2,0,1,1742,0,0,0,0.0,0,8,168000,1882,1986,1
1020,2.5,0,0,0,1,1,2,0,0,1851,0,0,0,340.0,0,6,187000,1964,1993,1
750,2.5,0,0,0,1,0,2,0,0,1500,1,0,0,0.0,0,6,173900,2005,2006,1
1718,3.0,1,1,1,0,1,3,1,0,1718,1,1,0,230.0,1,10,337500,2006,2007,1
774,2.5,0,0,0,1,0,1,0,1,1230,0,0,1,0.0,0,4,121600,1946,1950,1
1050,2.0,0,0,0,1,0,1,0,1,1050,0,0,1,0.0,0,5,136500,1961,1961,1
1442,2.0,0,0,0,1,1,2,0,0,1442,0,0,1,571.0,0,6,185000,1970,1970,0
1077,1.0,0,0,0,1,1,1,0,1,1077,0,0,1,0.0,0,3,91000,1922,1950,1
1208,3.0,1,0,0,0,0,2,0,0,1208,1,0,0,24.0,0,7,206000,2006,2006,1
944,1.0,0,0,0,1,0,2,0,1,944,0,0,0,0.0,0,3,82000,1952,1952,0
691,1.0,0,0,0,1,0,1,0,1,691,1,1,0,0.0,0,5,86000,1920,1950,1
1574,2.0,1,0,0,0,1,3,0,0,1574,1,0,0,53.0,0,8,232000,2006,2006,1
1680,2.0,0,0,0,1,0,2,0,1,1680,0,0,1,164.0,0,5,136905,1976,1976,0
1504,2.0,1,0,0,0,1,2,1,0,1504,1,0,0,16.0,0,7,181000,2005,2006,0
985,2.0,1,0,0,0,0,1,0,1,985,0,0,1,220.0,0,5,149900,1977,1977,0
1657,2.5,0,0,0,1,1,2,0,1,1657,0,0,1,0.0,0,6,163500,1970,1970,0
546,1.5,0,0,0,1,0,1,0,0,1092,0,0,1,0.0,0,4,88000,1970,1970,0
1710,2.0,0,1,0,0,1,2,1,0,1710,1,0,0,108.0,0,7,240000,2004,2005,1
1008,2.0,0,0,0,1,0,0,0,0,1522,1,0,1,0.0,0,5,102000,1926,1950,0
720,2.0,0,0,0,1,1,1,0,1,1271,0,0,1,0.0,0,5,135000,1948,1950,0
1664,2.0,0,0,0,1,0,0,0,0,1664,0,0,1,0.0,0,5,100000,1965,1965,0
900,1.5,0,0,0,1,2,1,0,1,1502,0,0,0,0.0,0,6,165000,1923,1996,0
1022,2.0,0,0,0,1,0,1,0,1,1022,0,0,1,0.0,0,5,85000,1910,2006,1
1082,1.0,0,0,0,1,1,1,0,1,1082,0,0,1,206.0,0,6,119200,1948,1950,1
810,3.5,1,0,0,0,0,2,1,0,1665,1,0,0,0.0,0,8,227000,2001,2001,1
1504,3.0,1,0,0,0,1,2,1,0,1504,1,0,0,196.0,0,7,203000,1996,1996,1
1360,2.0,1,0,0,0,1,2,0,0,1360,0,0,0,0.0,0,8,187500,1984,1984,0
802,2.5,0,0,0,0,1,2,0,0,1472,0,0,0,76.0,0,7,160000,1991,1992,0
1506,2.0,1,0,0,0,1,2,1,0,1506,1,0,0,145.0,0,7,213490,2005,2005,1
1132,2.5,1,0,0,1,0,2,1,0,1132,1,0,0,0.0,0,4,176000,2005,2005,1
1220,3.0,1,0,0,0,0,2,0,0,1220,1,0,0,84.0,0,7,194000,2006,2006,1
912,1.0,0,0,0,1,0,1,0,1,1248,0,0,1,0.0,0,5,87000,1930,1950,0
1504,2.0,1,0,0,0,1,2,1,0,1504,1,0,0,14.0,0,7,191000,2005,2006,1
2898,3.0,0,0,0,0,1,2,1,0,2898,0,0,0,0.0,0,8,287000,1976,1976,1
882,2.0,0,0,0,1,0,2,0,1,882,0,0,1,0.0,0,5,112500,1972,1972,0
1264,2.0,0,0,0,1,2,2,0,1,1264,0,0,1,324.0,0,5,167500,1960,1960,0
1646,3.0,1,0,0,0,1,3,0,0,1646,1,0,0,338.0,0,8,293077,2007,2008,1
968,2.0,0,0,0,1,1,1,0,1,1376,0,0,1,0.0,0,5,105000,1941,1950,0
672,2.0,0,0,0,1,0,1,0,1,1218,0,0,1,281.0,0,6,118000,1972,1972,1
948,2.0,0,0,0,1,0,0,0,0,1928,0,0,1,0.0,0,5,160000,1916,1995,0
1687,3.5,1,0,0,1,2,2,1,0,3082,1,0,1,0.0,0,7,197000,1920,1970,1
1352,3.5,1,0,0,0,1,3,0,0,2520,1,0,0,0.0,0,8,310000,1993,1993,1
1654,3.0,1,0,0,0,0,3,0,1,1654,1,0,0,295.0,0,7,230000,2002,2002,1
954,1.0,0,0,0,1,1,1,0,1,954,1,0,0,0.0,0,5,119750,1938,1950,0
845,1.0,0,0,0,1,0,1,0,1,845,1,0,1,0.0,0,4,84000,1957,1957,0
1620,3.0,1,1,0,0,1,3,1,0,1620,1,1,0,70.0,0,9,315500,2007,2008,0
1055,2.5,0,0,0,0,1,2,1,0,2263,1,0,0,396.0,0,8,287000,2001,2002,1
798,1.5,0,0,0,1,1,0,0,0,1344,0,0,1,0.0,0,4,97000,1970,2008,0
630,2.0,1,0,0,1,0,1,0,1,630,0,0,1,0.0,0,4,80000,1970,1970,0
1803,3.0,0,0,0,1,1,2,0,0,1803,1,0,1,67.0,0,5,155000,1957,2000,0
800,2.0,1,0,0,1,0,2,0,1,1632,0,0,0,252.0,0,6,173000,1966,2000,1
1306,3.0,0,0,0,0,1,2,0,0,1306,1,0,0,135.0,1,6,196000,2005,2005,1
1532,3.5,1,0,0,1,1,2,0,1,2329,1,0,0,99.0,0,7,262280,1990,1990,1
2524,3.5,0,0,0,0,1,2,1,0,2524,0,0,0,0.0,0,8,278000,1981,1981,1
1733,2.0,0,0,0,1,1,2,0,1,1733,1,0,1,0.0,0,3,139600,1955,1955,0
1992,3.5,1,1,0,0,1,3,1,0,2868,1,1,0,208.0,0,9,556581,2005,2006,1
990,1.5,1,0,0,1,0,2,0,1,990,1,0,1,0.0,0,5,145000,1994,1995,0
1771,1.0,0,0,0,1,1,2,0,1,1771,0,0,1,75.0,0,5,115000,1960,2006,0
930,1.0,0,0,0,1,0,1,0,1,930,1,0,0,0.0,0,4,84900,1946,2006,0
1302,2.0,0,0,0,0,0,2,1,0,1302,1,0,0,0.0,0,7,176485,2007,2007,1
1316,2.0,0,0,0,0,1,2,1,0,1316,1,0,0,0.0,0,7,200141,2007,2007,1
1127,2.0,0,0,0,1,1,2,0,0,1977,0,0,1,272.0,0,6,165000,1964,1978,1
1526,1.0,0,0,0,1,1,1,0,1,1526,1,0,1,145.0,0,5,144500,1957,2002,1
1091,3.5,1,0,0,0,1,2,1,0,1989,1,0,0,210.0,0,8,255000,2002,2002,1
1523,2.5,0,0,0,1,1,2,1,0,1523,0,0,1,160.0,0,6,180000,1976,1976,0
1364,3.0,1,0,0,0,1,2,0,0,1364,1,0,0,240.0,1,7,185850,2005,2005,1
979,2.5,1,0,0,0,1,2,1,0,1850,1,0,0,0.0,0,7,248000,1994,1994,1
1130,3.5,1,1,1,0,1,3,1,0,2184,1,1,0,154.0,1,9,335000,2008,2008,1
1096,1.5,0,0,0,1,1,2,0,1,1991,0,0,1,480.0,0,6,220000,1932,1950,0
1338,3.0,1,0,0,0,0,2,1,0,1338,1,0,0,0.0,0,8,213500,2001,2001,0
894,1.0,0,0,0,0,0,3,0,0,894,0,0,1,0.0,0,3,81000,1935,1950,1
1422,2.0,0,0,0,1,0,2,0,1,2337,0,0,1,0.0,0,5,90000,1900,1950,1
1103,1.0,0,0,0,1,1,2,0,1,1103,0,0,0,0.0,0,6,110500,1925,1980,1
1154,1.5,0,0,0,1,1,2,0,0,1154,1,0,1,200.0,0,5,154000,1966,1966,1
1306,3.5,1,1,0,0,0,2,0,0,2260,1,0,0,0.0,0,7,328000,1996,1997,1
799,2.5,0,0,0,0,1,2,0,0,1571,0,0,1,0.0,0,6,178000,1993,1994,1
798,2.5,1,0,0,1,0,2,0,0,1611,0,0,1,360.0,0,6,167900,1964,1964,1
1291,3.5,0,0,0,1,1,2,1,0,2521,0,0,1,0.0,0,6,151400,1973,1973,1
893,1.5,0,0,0,1,0,2,0,1,893,0,0,0,0.0,0,5,135000,1949,2003,0
1048,2.0,0,0,0,1,0,1,0,1,1048,0,0,1,120.0,0,5,135000,1956,1956,1
829,1.5,0,0,0,1,0,2,0,1,1556,1,0,1,0.0,0,6,154000,1968,1968,0
1002,2.5,0,0,0,1,1,1,0,1,1456,0,0,1,0.0,0,5,91500,1948,1950,0
698,1.5,0,0,0,1,0,2,1,0,1426,0,0,1,140.0,0,6,159500,1977,1977,0
1240,2.0,0,0,0,0,0,3,0,0,1240,1,0,0,0.0,0,7,194000,2006,2006,1
960,1.5,0,0,0,1,2,1,0,1,1740,0,0,1,0.0,0,7,219500,1940,1984,0
1096,2.5,0,0,0,1,1,2,0,1,1466,0,0,0,0.0,0,5,170000,1936,1989,1
1096,2.0,0,0,0,1,0,1,1,0,1096,1,0,1,0.0,0,5,138800,1969,1969,1
848,2.0,1,0,0,0,1,2,0,0,848,1,0,0,169.0,0,6,155900,2004,2004,0
990,1.0,1,0,0,1,0,1,0,1,990,0,0,1,0.0,0,5,126000,1994,1994,1
1258,2.5,0,0,0,0,0,2,0,0,1258,1,0,0,144.0,0,6,145000,1971,2004,0
1040,2.5,0,0,0,1,0,1,1,0,1040,0,0,1,0.0,0,5,133000,1963,1963,0
1459,2.0,0,0,0,0,1,2,0,0,1459,1,0,0,100.0,0,7,192000,2002,2002,1
1251,2.0,0,0,0,1,2,1,0,0,1251,0,0,1,425.0,0,6,160000,1964,1964,1
691,2.5,0,0,0,1,1,2,1,0,1498,0,0,1,0.0,0,6,187500,1995,1996,1
996,2.0,1,0,0,1,0,2,0,1,996,1,0,0,0.0,0,6,147000,1992,1992,0
546,1.5,0,0,0,1,0,1,0,0,1092,0,0,1,0.0,0,4,83500,1973,1973,1
1082,2.5,0,0,0,0,1,3,0,0,1953,1,0,0,0.0,0,8,252000,2005,2006,1
970,2.0,0,0,0,0,0,2,0,1,1709,1,0,0,50.0,0,7,137500,2004,2004,1
1247,2.5,1,0,0,0,1,2,1,0,1247,1,0,0,0.0,0,8,197000,2005,2005,1
1040,2.0,0,0,0,1,0,2,0,1,1040,0,0,1,0.0,0,3,92900,1950,1950,0
624,3.5,0,0,0,0,0,2,0,1,1252,1,0,0,212.0,0,7,160000,1999,2000,1
1390,2.0,0,0,0,1,1,2,0,1,1694,0,0,1,0.0,0,6,136500,1925,1950,0
1200,2.5,1,0,0,1,0,2,0,1,1200,0,0,0,166.0,0,5,146000,1965,1998,1
936,2.0,0,0,0,1,0,1,1,0,936,1,0,1,0.0,0,5,129000,1956,2000,0
1314,2.0,1,0,0,0,1,2,0,0,1314,0,0,0,0.0,0,6,176432,2006,2006,1
773,1.5,0,0,0,1,0,0,0,0,1355,0,0,0,0.0,0,6,127000,1914,2006,0
1088,1.5,0,0,0,0,0,2,0,0,1088,1,0,0,0.0,0,8,170000,1986,1986,1
757,1.0,0,0,0,1,0,1,0,1,1324,0,0,1,0.0,0,4,128000,1936,1950,0
1601,2.0,0,0,0,1,1,2,0,0,1601,0,0,1,206.0,0,7,157000,1978,1978,0
438,1.0,0,0,0,1,0,1,0,1,438,0,0,0,0.0,0,2,60000,1920,1950,0
950,1.0,0,0,0,1,0,1,0,1,950,0,0,1,0.0,0,5,119500,1971,1971,0
1134,1.0,0,0,0,1,0,1,0,0,1134,1,0,1,45.0,0,5,135000,1960,2002,1
1194,1.5,0,0,0,1,1,2,1,0,1194,1,0,1,0.0,0,6,159500,1959,1959,0
630,2.5,0,0,0,1,0,2,0,1,1302,0,0,1,304.0,0,5,106000,1970,1970,0
1500,3.5,1,1,0,0,2,2,0,0,2622,1,0,0,362.0,0,8,325000,1994,1995,1
1442,3.0,1,0,0,0,1,2,1,0,1442,0,0,0,0.0,0,7,179900,1990,1991,1
887,2.5,0,1,0,0,1,2,0,0,2021,1,0,0,0.0,0,7,274725,2006,2006,1
948,2.5,0,0,0,1,1,2,0,0,1690,1,0,1,0.0,0,6,181000,2000,2000,1
1836,3.0,1,1,0,0,1,3,1,0,1836,1,0,0,42.0,1,8,280000,2004,2005,1
773,3.5,1,0,0,1,1,2,1,0,1658,0,0,1,0.0,0,6,188000,1995,1996,1
1098,2.5,0,0,0,1,1,2,0,0,1964,0,0,1,660.0,0,7,205000,1976,1976,1
816,2.0,1,0,0,1,0,1,0,1,816,0,0,1,0.0,0,5,129900,1957,1957,0
1008,2.0,0,0,0,1,0,1,0,1,1008,0,0,0,0.0,0,5,134500,1953,2006,1
833,1.0,0,0,0,1,0,1,0,1,833,1,0,0,0.0,0,5,117000,1954,2000,0
1734,3.0,1,1,0,0,1,3,0,0,1734,1,1,0,328.0,1,8,318000,2007,2007,0
779,3.5,1,0,0,0,1,2,1,0,1419,1,0,0,0.0,0,8,184100,2002,2002,0
894,2.0,0,0,0,1,0,2,0,0,894,1,0,0,0.0,0,5,130000,1967,2003,0
1021,1.5,0,0,0,1,0,1,0,0,1601,0,0,1,0.0,0,5,140000,1958,1987,1
1040,1.0,0,0,0,1,0,1,0,0,1040,0,0,1,0.0,0,5,133700,1959,1959,0
1012,1.0,0,0,0,1,1,1,0,1,1012,0,0,1,0.0,0,6,118400,1920,1950,1
1552,2.0,1,0,0,0,0,3,0,0,1552,1,0,0,196.0,0,7,212900,2005,2006,1
960,1.0,0,0,0,1,0,1,0,1,960,1,0,1,0.0,0,4,112000,1956,1956,0
698,1.5,0,0,0,1,0,0,0,0,698,1,0,1,0.0,0,5,118000,1947,2008,1
812,2.5,0,0,0,1,1,2,1,0,1482,0,0,0,170.0,0,7,163900,1992,1992,1
1005,1.0,0,0,0,1,1,2,0,1,1005,0,0,0,0.0,0,4,115000,1955,1955,0
1555,2.0,0,0,0,0,1,3,1,0,1555,1,0,0,130.0,0,7,174000,2007,2007,1
1530,3.0,1,0,0,0,1,3,1,0,1530,1,0,0,0.0,0,7,259000,2004,2004,1
847,2.5,0,0,0,0,1,2,1,0,1959,1,0,0,0.0,0,7,215000,2004,2005,1
936,2.0,1,0,0,1,0,2,0,1,936,0,0,1,180.0,0,5,140000,1980,1980,0
1328,3.0,0,0,0,1,2,2,0,1,1981,0,0,0,0.0,0,4,135000,1928,1950,1
974,1.0,0,0,0,1,0,0,0,0,974,0,0,1,0.0,0,5,93500,1991,1992,1
1178,2.0,0,0,0,1,0,1,0,1,2210,0,0,0,0.0,0,6,117500,1880,1950,1
1142,2.5,1,0,0,0,1,2,0,0,2020,1,0,0,0.0,0,8,239500,1995,1995,1
916,2.5,0,0,0,1,1,2,1,0,1600,0,0,1,0.0,0,6,169000,1997,1997,1
986,1.0,0,0,0,1,1,1,0,1,986,0,0,1,0.0,0,6,102000,1926,1950,1
1032,1.0,0,0,0,1,0,1,0,1,1252,0,0,1,0.0,0,6,119000,1950,1950,0
780,1.0,0,0,0,1,0,0,0,0,1020,0,0,1,0.0,0,5,94000,1875,1996,0
1567,3.0,0,0,0,1,2,2,0,0,1567,0,0,0,0.0,0,6,196000,1977,1977,1
1167,1.0,0,0,0,1,1,2,0,1,1167,0,0,1,0.0,0,5,144000,1920,1950,0
952,2.0,0,0,0,1,0,2,0,1,952,0,0,1,0.0,0,5,139000,1951,1951,0
1088,3.5,0,0,0,1,1,2,0,1,1868,1,0,0,44.0,0,5,197500,1976,1976,1
1466,4.0,1,1,0,0,1,3,0,0,2828,1,0,0,340.0,0,8,424870,2006,2007,1
1006,1.0,1,0,0,1,0,0,0,0,1006,0,0,1,0.0,0,5,80000,1959,1959,1
672,2.0,0,0,0,1,0,1,0,1,924,0,0,0,0.0,0,4,80000,1941,1950,0
1042,1.0,0,0,0,1,1,1,0,1,1576,1,0,1,0.0,0,5,149000,1928,1950,0
1298,3.0,1,0,0,0,1,2,0,1,1298,0,0,0,85.0,0,6,180000,1985,1985,1
860,1.5,0,0,0,1,1,1,0,1,1564,1,0,0,0.0,0,7,174500,1941,1950,0
572,1.0,0,0,0,1,1,1,0,1,1111,0,0,1,0.0,0,7,116900,1926,1950,0
832,1.5,0,0,0,1,0,2,0,1,1482,1,0,1,0.0,0,7,143000,1920,1988,0
932,1.0,0,0,0,1,1,1,0,1,932,1,0,0,0.0,0,6,124000,1950,1950,0
1466,1.5,0,0,0,1,2,2,1,0,1466,0,0,0,132.0,0,5,149900,1959,1959,1
1811,1.0,0,0,0,1,1,2,1,0,1811,1,1,0,0.0,0,6,230000,1956,2004,0
816,1.0,0,0,0,0,0,1,0,1,816,1,0,1,0.0,0,6,120500,1930,2007,0
902,2.0,0,0,0,1,2,2,0,1,1820,0,0,0,288.0,0,7,201800,1965,1988,1
1437,3.0,0,0,0,0,1,2,0,0,1437,0,0,0,0.0,0,5,218000,1976,2004,1
1265,2.5,0,0,0,1,1,2,0,0,1265,0,0,0,0.0,0,5,179900,1965,1999,1
1314,3.0,1,0,0,0,1,2,0,0,1314,1,0,0,166.0,1,7,230000,2007,2008,1
1580,2.0,0,0,0,0,0,3,0,0,1580,1,0,0,186.0,0,8,235128,2007,2008,1
943,2.5,0,0,0,0,1,2,0,0,1876,0,0,0,270.0,0,6,185000,1974,1974,1
855,2.5,0,0,0,1,1,2,0,1,1456,0,0,1,0.0,0,6,146000,1978,1978,0
1640,2.0,0,0,0,0,1,2,0,1,1640,1,0,0,72.0,0,6,224000,1954,2006,0
894,1.0,0,0,0,1,1,2,1,0,894,0,0,1,0.0,0,5,129000,1968,1968,0
1258,3.0,1,0,0,1,0,2,0,1,1258,0,0,1,0.0,0,4,108959,1969,1969,0
1432,2.5,0,0,0,1,1,2,0,1,1432,1,0,0,0.0,0,5,194000,1978,1978,1
1502,2.0,0,0,0,0,0,2,0,0,1502,1,0,0,268.0,1,7,233170,2009,2009,1
1694,2.0,0,0,0,0,0,3,0,0,1694,1,0,0,72.0,0,8,245350,2008,2008,1
959,3.5,1,0,0,1,1,2,1,0,1671,1,0,1,0.0,0,6,173000,2000,2000,1
1236,2.0,0,0,0,1,2,2,0,1,2108,1,0,0,0.0,0,6,235000,1935,1986,0
1831,4.5,1,1,0,0,1,3,1,0,3627,1,0,0,1378.0,0,10,625000,1995,1996,1
1118,2.0,0,0,0,1,1,1,1,0,1118,0,0,1,0.0,0,6,171000,1977,1977,0
1261,2.0,0,0,0,1,1,2,0,0,1261,1,0,1,0.0,0,6,163000,1958,1958,0
625,2.5,0,0,0,0,0,2,1,0,1250,1,0,0,0.0,0,7,171900,2006,2007,1
1636,3.0,0,0,0,1,1,0,0,0,3086,0,1,0,0.0,0,5,200500,1946,1994,0
1170,2.5,0,0,0,1,1,2,0,1,2345,0,0,1,0.0,0,6,239000,1932,1950,0
2129,2.5,1,0,0,0,1,2,1,0,2872,1,0,0,337.0,0,8,285000,1992,2000,1
923,2.0,0,0,0,1,0,1,0,1,923,0,0,1,0.0,0,5,119500,1984,1985,0
818,1.0,0,0,0,1,0,1,0,1,1224,0,0,1,0.0,0,6,115000,1926,2004,0
820,1.5,0,0,0,1,1,1,0,1,1343,1,0,1,0.0,0,5,154900,1921,1950,0
1124,1.0,0,0,0,1,1,0,0,0,1124,0,0,1,0.0,0,5,93000,1954,1954,1
1298,2.5,0,0,0,1,0,2,1,0,2514,1,0,1,0.0,0,7,250000,1990,1991,0
1652,3.5,1,1,1,0,1,2,1,0,1652,1,0,0,186.0,0,8,392500,2008,2008,1
2411,4.5,1,1,0,0,2,3,1,0,4476,1,1,0,0.0,0,10,745000,1996,1996,1
1130,2.0,0,0,0,1,1,2,0,1,1130,1,0,1,0.0,0,5,120000,1920,1950,0
1572,2.5,0,0,0,1,2,3,0,0,1572,0,0,1,226.0,0,5,186700,1963,1963,1
949,2.0,0,0,0,1,0,1,0,1,1221,0,0,1,0.0,0,5,104900,1924,1950,0
1014,3.0,0,0,0,1,0,2,0,1,1699,0,0,1,0.0,0,3,95000,1900,1970,1
1624,3.0,1,0,0,0,1,3,0,0,1624,1,0,0,0.0,0,8,262000,1994,1995,1
831,2.5,0,0,0,0,0,2,0,0,1660,1,0,0,95.0,0,7,195000,2002,2002,1
1028,2.5,0,0,0,1,1,2,1,0,1804,0,0,0,0.0,0,7,189000,1999,1999,1
1622,2.0,0,0,0,1,1,4,1,0,1622,1,0,1,149.0,0,4,168000,1961,1975,0
764,2.5,0,0,0,0,0,2,0,1,1441,1,0,0,456.0,0,8,174000,1999,2000,0
842,1.0,0,0,0,1,0,1,0,1,1472,0,0,0,0.0,0,5,125000,1925,1994,0
1224,3.0,1,1,0,1,0,2,1,0,1224,1,0,1,425.0,0,6,165000,1999,1999,1
663,1.5,0,0,0,1,0,1,1,0,1352,0,0,1,143.0,0,6,158000,1969,1969,1
728,2.5,0,0,0,1,0,2,1,0,1456,1,0,0,0.0,0,6,176000,2005,2005,1
879,2.5,0,0,0,0,1,3,1,0,1863,1,0,0,0.0,0,7,219210,2006,2006,1
815,1.0,0,0,0,1,1,1,0,1,1690,1,0,1,0.0,0,7,144000,1916,1950,0
1212,2.0,0,0,0,0,0,2,0,0,1212,1,0,0,0.0,0,7,178000,2001,2001,0
1382,1.5,0,0,0,1,1,2,0,1,1382,0,0,1,51.0,0,4,148000,1963,1979,1
864,1.0,0,0,0,1,0,1,0,1,864,0,0,1,0.0,0,4,116050,1970,1970,0
866,2.5,0,0,0,1,0,2,0,0,1779,1,0,0,0.0,0,7,197900,1998,1998,1
884,2.0,0,0,0,1,1,1,0,1,1348,1,0,1,0.0,0,5,117000,1925,1997,0
1630,2.0,0,0,0,0,1,2,0,1,1630,1,0,0,171.0,0,7,213000,2000,2001,1
1074,2.5,0,0,0,1,0,2,0,0,1074,1,0,1,0.0,0,5,153500,1975,1975,1
2196,2.0,0,0,0,0,1,3,0,0,2196,0,0,0,234.0,0,7,271900,1990,1991,1
1056,2.0,0,0,0,1,0,1,0,1,1056,0,0,1,0.0,0,4,107000,1966,1966,1
1700,3.0,1,0,0,0,0,2,0,0,1700,1,0,0,120.0,0,6,200000,2003,2003,1
1283,2.0,0,0,0,1,0,2,0,1,1283,0,0,1,0.0,0,5,140000,1962,1980,0
1660,3.0,1,1,0,0,1,2,0,0,1660,1,0,0,420.0,0,8,290000,2006,2006,1
1055,2.5,0,0,0,0,1,2,0,0,1845,1,0,0,0.0,0,6,189000,1992,1992,1
1080,2.0,1,0,0,0,0,2,0,0,1752,0,0,1,0.0,0,8,164000,1988,2005,1
672,2.0,0,0,0,1,0,1,0,1,672,0,0,1,0.0,0,4,113000,1941,1950,1
960,1.5,1,0,0,1,0,1,0,1,960,1,0,1,0.0,0,4,145000,1965,2001,0
999,2.0,0,0,0,1,0,1,0,1,999,0,0,1,0.0,0,5,134500,1962,1962,1
894,1.0,0,0,0,1,0,1,0,0,894,0,0,1,0.0,0,5,125000,1966,1966,0
1318,2.0,0,0,0,1,0,2,0,1,1902,0,0,1,0.0,0,6,112000,1978,1978,0
1314,3.0,1,0,0,0,0,2,0,0,1314,1,0,0,72.0,0,8,229456,2009,2009,1
672,1.0,0,0,0,1,0,0,0,0,912,0,0,1,0.0,0,4,80500,1947,1950,0
672,1.5,0,0,0,1,0,0,0,0,1218,0,0,1,236.0,0,6,91500,1971,1971,0
912,1.0,0,0,0,1,0,1,0,1,912,0,0,1,0.0,0,5,115000,1964,1964,0
1211,1.0,0,0,0,1,1,1,0,1,1211,1,0,1,0.0,0,5,134000,1968,1968,1
1168,2.0,0,0,0,1,1,1,0,1,1846,1,0,1,320.0,0,6,143000,1949,1950,0
2136,2.0,0,0,0,1,0,2,0,1,2136,0,0,1,44.0,0,5,137900,1951,1951,1
788,3.5,1,0,0,0,1,2,1,0,1490,1,0,0,0.0,0,7,184000,2004,2005,1
1138,1.5,1,0,0,1,0,1,0,0,1138,1,0,1,63.0,0,6,145000,1958,1958,0
894,2.5,0,0,0,0,1,3,1,0,1933,1,0,0,74.0,0,6,214000,2007,2007,1
912,2.0,0,0,0,1,0,2,0,1,912,1,0,0,300.0,0,5,147000,1965,2008,1
1702,2.5,1,1,1,0,1,3,1,0,1702,1,1,0,766.0,1,9,367294,2008,2008,1
1507,2.0,0,0,0,1,0,1,0,1,1507,0,0,1,0.0,0,5,127000,1960,1960,0
1361,3.0,1,0,0,1,1,2,0,0,2620,1,0,1,1.0,0,5,190000,1977,1977,1
1190,2.0,0,0,0,1,0,2,0,1,1190,0,0,1,120.0,0,5,132500,1962,1962,1
1224,2.0,0,0,0,1,0,2,0,1,1224,0,0,1,0.0,0,4,101800,1962,1962,0
1188,2.0,0,0,0,1,0,2,0,0,1188,0,0,1,180.0,0,5,142000,1959,1959,0
1024,1.5,0,0,0,1,0,0,0,0,1964,0,0,1,0.0,0,5,130000,1911,1950,1
892,1.5,0,0,0,1,0,1,0,1,1784,0,0,1,0.0,0,5,138887,1914,1950,1
764,2.5,0,0,0,0,0,2,0,0,1626,1,0,0,106.0,1,7,175500,2003,2003,1
847,2.5,0,0,0,0,1,2,1,0,1948,1,0,0,0.0,0,7,195000,2004,2005,1
1141,1.5,0,0,0,0,0,2,0,1,1141,1,0,1,0.0,0,6,142500,2005,2005,0
1484,2.0,1,0,0,0,1,2,0,0,1484,1,1,0,32.0,0,8,265900,2006,2006,1
884,3.5,1,0,0,0,0,2,0,0,1768,1,0,0,252.0,0,7,224900,2003,2003,1
1689,2.0,0,0,0,0,0,3,0,0,1689,1,0,0,0.0,0,7,248328,2007,2007,1
1173,3.0,1,0,0,1,2,2,0,0,1173,0,0,0,81.0,0,7,170000,1974,1974,1
2076,3.5,1,1,1,0,1,3,1,0,2076,1,1,0,103.685261707989,1,10,465000,2006,2006,1
792,1.0,0,0,0,1,2,2,0,1,1517,0,0,0,0.0,0,8,230000,1929,1950,0
1140,3.5,0,0,0,1,1,2,1,0,1868,1,0,1,74.0,0,6,178000,1984,2003,1
756,2.5,0,0,0,0,0,2,0,0,1553,1,0,0,0.0,0,7,186500,2005,2006,1
1034,2.0,1,0,0,1,0,3,0,1,1034,0,0,1,335.0,0,6,169900,1976,1976,0
1134,1.5,0,0,0,1,1,2,0,1,2058,0,0,1,0.0,0,6,129500,1917,1950,0
988,1.0,0,0,0,1,0,1,0,1,988,0,0,1,0.0,0,5,119000,1950,1950,1
2110,3.5,0,0,0,0,2,2,1,0,2110,1,1,0,0.0,0,7,244000,1968,1968,0
1405,2.0,0,0,0,0,1,2,0,0,1405,1,0,0,163.0,1,7,171750,2003,2003,1
874,2.0,0,0,0,1,0,1,0,0,874,0,0,1,0.0,0,5,130000,1968,1968,0
1516,3.5,0,0,0,0,2,2,0,0,2167,0,0,0,0.0,0,7,294000,1974,2003,1
760,2.5,0,0,0,0,1,2,1,0,1656,1,0,0,92.0,0,7,165400,2003,2004,1
959,1.0,0,0,0,1,1,1,0,1,1367,0,0,1,0.0,0,6,127500,1931,1950,0
1987,3.0,1,0,0,0,1,2,1,0,1987,1,0,0,554.0,0,8,301500,1994,1994,1
864,1.0,0,0,0,1,0,0,0,0,864,1,0,1,0.0,0,5,99900,1922,1950,1
1166,3.0,1,0,0,0,0,2,1,0,1166,1,0,0,182.0,0,7,190000,2005,2005,0
1054,2.5,0,0,0,1,0,2,0,1,1054,0,0,1,0.0,0,6,151000,1969,1969,0
892,2.5,0,0,0,1,1,2,1,0,1675,1,0,1,0.0,0,6,181000,1999,1999,1
1050,1.0,0,0,0,1,0,1,0,1,1050,0,0,1,0.0,0,5,128900,1956,1956,0
1104,2.0,0,0,0,1,2,1,0,1,1788,1,0,1,0.0,0,4,161500,1957,1989,0
1060,1.0,0,0,0,1,1,2,0,1,1824,1,0,1,0.0,0,6,180500,1919,1950,0
1337,3.0,1,0,0,0,0,2,1,0,1337,1,0,0,0.0,0,6,181000,1998,1999,1
713,3.5,1,0,0,0,0,2,0,1,1452,1,0,0,218.0,0,7,183900,1999,1999,1
964,1.5,0,0,0,0,1,1,0,1,1889,0,0,1,0.0,0,7,122000,1910,1950,0
2018,2.0,0,1,1,0,1,3,1,0,2018,1,1,0,0.0,0,9,378500,2008,2009,1
1968,3.5,0,0,0,1,2,3,0,1,3447,1,0,0,632.0,0,8,381000,1935,1997,1
874,1.5,0,0,0,1,0,1,0,1,1524,0,0,1,180.0,0,5,144000,1958,1958,0
1332,2.5,1,0,0,0,1,2,1,0,1524,0,0,0,0.0,0,7,260000,1979,1979,0
1489,2.0,0,0,0,1,1,2,0,0,1489,0,0,0,0.0,0,6,185750,1968,1968,0
935,2.0,0,0,0,1,0,1,0,1,935,0,0,1,114.0,0,5,137000,1965,1965,0
1357,2.0,0,0,0,1,1,1,0,0,1357,0,1,0,84.0,0,6,177000,1959,2006,0
661,2.0,0,0,0,1,1,2,0,1,1250,1,0,1,0.0,0,5,139000,1910,2003,0
928,2.0,0,0,0,1,0,2,0,1,1920,0,0,1,567.0,0,5,137000,1948,1950,0
735,2.0,0,0,0,1,1,2,0,1,1395,0,0,1,0.0,0,6,162000,1972,1972,1
1724,2.5,0,0,0,1,1,2,0,0,1724,0,0,1,359.0,0,6,197900,1967,1976,0
1128,3.5,1,0,0,0,1,2,0,0,2031,1,0,0,103.685261707989,0,8,237000,2002,2002,1
698,1.0,0,0,0,1,0,2,0,0,1128,0,0,1,0.0,0,4,68400,1920,1950,0
1573,3.0,1,0,0,0,0,2,0,0,1573,1,0,0,110.0,0,7,227000,2002,2002,1
1339,3.0,0,0,0,1,1,2,1,0,1339,0,0,1,54.0,0,7,180000,1990,1990,1
1040,2.0,0,0,0,1,0,2,0,1,1040,0,0,0,0.0,0,5,150500,1977,2008,0
912,3.0,0,0,0,1,0,0,0,0,1824,0,0,1,0.0,0,6,139000,1971,1971,0
1699,2.0,0,0,0,1,1,1,0,1,2447,1,0,0,0.0,0,6,169000,1919,1990,0
825,1.0,0,0,0,1,1,1,0,1,1412,1,0,1,0.0,0,6,132500,1939,1950,0
1328,2.5,0,0,0,1,2,2,0,1,1328,0,0,1,451.0,0,6,143000,1963,1963,1
1582,2.5,0,0,0,1,0,2,0,1,1582,0,0,1,621.0,0,5,190000,1964,1964,1
1659,3.0,1,0,0,0,1,2,1,0,1659,1,1,0,0.0,0,8,278000,2000,2000,1
1120,2.5,0,0,0,0,1,3,1,0,1970,1,1,0,788.0,1,8,281000,2006,2006,1
1152,2.0,1,0,0,1,1,2,0,0,1152,0,0,1,86.0,0,5,180500,1964,1964,0
630,2.5,0,0,0,1,0,1,0,1,1302,0,0,1,268.0,0,5,119500,1972,1972,0
1378,2.0,0,0,0,1,0,1,0,0,2372,0,0,1,0.0,0,5,107500,1892,1965,1
832,2.5,1,0,0,1,1,2,0,0,1664,0,0,1,0.0,0,7,162900,1976,1976,1
864,2.0,0,0,0,1,0,2,0,1,864,0,0,1,0.0,0,5,115000,1955,1990,0
1052,2.5,0,0,0,1,0,1,0,0,1052,0,0,1,168.0,0,5,138500,1968,1968,0
1128,3.0,0,0,0,1,0,2,0,0,1128,0,0,1,148.0,0,5,155000,1963,1963,1
1072,3.0,1,0,0,1,0,2,1,0,1072,0,0,1,82.0,0,6,140000,2005,2006,1
4692,4.5,1,1,1,0,3,2,1,0,5642,1,1,0,796.0,0,10,160000,2008,2008,1
1246,2.5,0,0,0,1,0,1,0,0,1246,1,0,0,0.0,0,5,154000,1959,1994,0
1005,2.5,1,0,0,0,1,2,1,0,1983,1,0,0,344.0,0,7,225000,1999,1999,0
753,1.0,0,0,0,1,2,1,0,1,1494,0,0,0,0.0,0,6,177500,1942,1950,0
1203,3.5,1,0,0,0,1,3,0,0,2526,1,0,0,391.0,0,8,290000,1994,1994,1
1616,2.0,0,0,0,0,0,3,0,0,1616,1,0,0,228.0,0,7,232000,2005,2005,1
976,2.0,0,0,0,0,0,2,0,1,1708,1,0,0,117.0,0,7,130000,2004,2004,1
1652,3.0,1,1,0,0,2,2,1,0,1652,1,1,0,300.0,1,9,325000,2006,2007,1
1368,2.0,0,0,0,0,1,2,0,0,1368,1,0,0,94.0,1,7,202500,2005,2006,1
990,2.0,0,0,0,1,0,2,0,1,990,1,0,1,0.0,0,5,138000,1994,1995,1
1122,2.0,1,0,0,1,0,2,0,1,1122,1,0,0,0.0,0,5,147000,1948,2005,1
1294,3.0,1,0,0,1,0,2,0,0,1294,0,0,0,88.0,0,6,179200,1991,1991,1
1902,3.0,1,0,0,0,2,2,1,0,1902,0,1,0,0.0,0,7,335000,1959,2002,1
1274,3.0,1,0,0,0,0,2,0,0,1274,1,0,0,80.0,0,7,203000,2005,2007,1
1453,2.5,1,1,0,0,1,2,0,0,2810,1,0,0,336.0,0,8,302000,1990,1990,0
1422,2.5,0,0,0,0,1,3,1,0,2599,1,0,0,165.0,0,9,333168,1999,1999,1
948,2.0,0,0,0,1,1,1,0,1,948,1,0,1,0.0,0,4,119000,1954,1954,1
1092,2.5,0,0,0,1,2,2,0,1,2112,0,0,1,0.0,0,6,206900,1969,1969,0
1630,3.0,0,1,0,0,1,3,0,0,1630,1,1,0,270.0,0,8,295493,2008,2008,1
1352,2.0,0,1,0,0,1,2,0,0,1352,1,0,0,0.0,0,7,208900,2006,2007,1
1787,2.0,0,0,0,0,1,3,0,0,1787,1,0,0,178.0,0,8,275000,2001,2002,1
948,1.0,0,0,0,1,0,1,0,1,948,1,0,1,132.0,0,4,111000,1954,1954,0
1478,2.5,0,0,0,1,2,2,0,0,1478,0,0,1,0.0,0,6,156500,1957,1957,0
720,1.0,0,0,0,1,0,1,0,1,720,0,0,1,0.0,0,3,72500,1949,1950,0
1061,3.5,1,0,0,0,1,2,0,0,1923,1,0,0,0.0,0,7,190000,1992,1992,1
708,1.0,0,0,0,0,0,0,0,0,708,0,0,0,0.0,0,4,82500,1940,1950,0
1795,2.0,0,1,0,0,1,3,0,0,1795,1,0,0,428.0,0,8,147000,2006,2007,1
796,1.0,0,0,0,1,0,0,0,0,796,0,0,1,0.0,0,4,55000,1922,1950,0
774,1.0,0,0,0,1,0,0,0,0,774,1,0,0,0.0,0,3,79000,1931,2006,0
816,1.5,0,0,0,0,1,1,0,1,816,1,0,0,0.0,0,5,130500,1982,2008,0
1584,2.0,0,0,0,0,2,2,0,1,2792,1,0,1,0.0,0,6,256000,1920,1950,1
955,2.5,0,0,0,1,1,2,1,0,1632,0,0,1,0.0,0,7,176500,1998,1998,1
1588,2.0,0,0,0,0,1,3,0,0,1588,1,0,0,410.0,0,8,227000,2006,2006,1
954,1.0,0,0,0,1,0,2,0,1,954,0,0,1,0.0,0,5,132500,1976,1976,0
816,2.0,0,0,0,1,1,1,0,1,816,1,0,1,0.0,0,4,100000,1938,1958,0
803,1.5,0,0,0,1,0,1,0,1,1360,1,0,0,0.0,0,5,125500,1938,1995,1
765,1.5,0,0,0,1,0,2,0,1,1365,0,0,1,312.0,0,5,125000,1970,1970,1
1334,2.5,0,0,0,1,1,2,0,0,1334,0,0,1,360.0,0,6,167900,1977,1977,1
1656,2.0,0,0,0,1,0,2,0,1,1656,0,0,1,564.0,0,5,135000,1973,1973,1
693,1.0,0,0,0,1,0,0,0,0,693,0,0,0,0.0,0,4,52500,1941,1950,1
920,3.5,1,0,0,0,0,2,0,0,1861,1,0,0,0.0,0,7,200000,2002,2002,1
864,1.0,0,0,0,1,0,1,0,0,864,1,0,1,0.0,0,5,128500,1972,1972,0
872,1.0,0,0,0,1,0,4,0,1,872,0,0,1,0.0,0,4,123000,1971,1971,0
1114,2.0,1,0,0,1,0,2,0,1,1114,1,0,0,0.0,0,6,155000,2003,2004,1
1284,2.5,0,0,0,0,1,2,0,0,2169,1,0,0,149.0,0,8,228500,2002,2002,1
1172,1.5,0,0,0,1,1,2,0,1,1913,0,0,1,0.0,0,6,177000,1928,1950,0
728,2.5,0,0,0,0,1,2,1,0,1456,1,0,0,0.0,0,7,155835,2006,2006,0
960,1.0,0,0,0,1,0,1,0,1,960,0,0,0,0.0,0,4,108500,1920,1950,0
2156,2.0,0,0,0,1,1,2,0,0,2156,0,0,1,0.0,0,7,262500,1968,2003,1
1776,3.0,1,1,0,0,1,3,1,0,1776,1,0,0,100.0,0,8,283463,2006,2007,0
1494,3.0,1,0,0,0,1,2,0,0,1494,1,0,0,0.0,0,7,215000,1998,1998,1
938,2.0,0,0,0,1,0,0,0,0,2358,0,0,1,0.0,0,8,122000,1872,1987,1
1338,4.5,0,0,0,1,0,4,0,1,2634,0,0,1,368.0,0,5,200000,1969,1969,0
858,1.5,0,0,0,1,1,2,1,0,1716,1,0,1,318.0,0,6,171000,1962,1962,1
786,1.0,0,0,0,0,0,2,0,1,1176,0,0,1,0.0,0,6,134900,1937,2000,0
2053,3.5,1,0,0,0,1,3,1,0,3238,1,0,0,579.0,0,8,410000,1995,1996,1
992,3.5,1,0,0,0,1,3,0,0,1865,1,0,0,0.0,0,7,235000,2000,2000,1
1222,3.0,0,0,0,1,1,2,0,0,1920,0,0,0,143.0,0,7,170000,1968,1992,1
892,1.0,0,0,0,1,0,1,0,0,892,0,0,1,65.0,0,5,110000,1966,1966,0
1078,2.5,1,0,0,1,1,2,1,0,1078,1,0,1,0.0,0,5,149900,1971,2008,0
769,2.5,1,0,0,0,0,2,0,1,1573,1,0,0,216.0,0,6,177500,2000,2000,1
1980,3.0,1,1,0,0,1,3,1,0,1980,1,1,0,66.0,1,9,315000,2004,2005,1
990,3.5,0,0,0,1,0,2,0,0,2601,1,0,1,0.0,0,5,189000,1921,1998,0
1530,3.0,0,1,0,0,1,2,1,0,1530,1,0,0,16.0,0,7,260000,2005,2005,1
1281,2.0,0,0,0,1,1,1,0,1,1738,0,0,1,0.0,0,4,104900,1920,2007,0
616,2.5,0,0,0,1,1,2,1,0,1412,1,0,0,0.0,0,6,156932,2006,2007,1
520,2.5,0,0,0,0,0,2,0,0,1200,1,0,0,0.0,0,7,144152,2005,2005,1
814,3.5,1,0,0,0,0,2,0,0,1674,1,0,0,0.0,0,7,216000,2000,2000,1
882,3.5,1,0,0,0,0,2,0,0,1790,1,0,0,158.0,0,7,193000,1999,1999,1
925,2.0,0,0,0,1,1,1,0,0,1475,1,0,1,0.0,0,5,127000,1977,1977,1
848,2.0,1,0,0,0,0,2,1,0,848,1,0,0,170.0,0,6,144000,2003,2004,0
1668,3.0,0,0,0,0,1,2,1,0,1668,1,0,0,171.0,0,8,232000,2003,2003,1
840,1.0,0,0,0,0,0,1,1,0,1374,1,0,1,0.0,0,4,105000,1920,1950,0
1661,2.0,0,0,0,1,1,1,0,0,1661,0,0,0,0.0,0,6,165500,1955,1996,1
1108,3.5,1,0,0,1,1,2,0,0,2097,1,0,0,0.0,0,7,274300,1998,1998,1
2633,3.5,1,1,1,0,2,3,0,0,2633,1,1,0,705.0,0,10,466500,2001,2002,1
1026,2.5,0,0,0,0,1,3,1,0,1958,1,0,0,0.0,0,7,250000,2005,2005,1
1571,2.0,0,0,0,0,1,3,1,0,1571,1,0,0,80.0,0,8,239000,2007,2007,1
790,1.0,0,0,0,1,0,1,0,1,790,0,0,1,0.0,0,6,91000,1930,1950,1
984,2.0,0,0,0,1,0,2,0,1,1604,1,0,1,0.0,0,5,117000,1941,1960,1
483,1.5,0,0,0,1,0,1,0,1,987,0,0,1,408.0,0,6,83000,1973,1973,0
754,2.5,0,0,0,1,0,2,1,0,1394,0,0,0,0.0,0,5,167500,2006,2007,0
864,2.0,0,0,0,1,0,1,0,1,864,0,0,1,0.0,0,3,58500,1914,1950,0
2117,2.5,0,0,0,1,2,2,1,0,2117,1,0,1,0.0,0,6,237500,1970,1970,1
998,2.5,0,0,0,1,0,2,0,1,1762,1,0,0,0.0,0,7,157000,1920,1950,0
1416,2.0,0,0,0,1,0,2,0,1,1416,1,0,0,0.0,0,5,112000,1918,2007,0
698,1.0,0,0,0,1,0,1,0,1,1258,0,0,1,0.0,0,6,105000,1939,1950,0
796,2.0,0,0,0,1,0,1,0,1,1154,0,0,0,0.0,0,4,125500,1922,2007,1
1392,4.5,0,0,0,1,2,2,0,0,2784,0,0,0,184.0,0,7,250000,1978,1978,1
1664,2.0,0,0,0,1,1,1,0,1,2526,0,0,0,0.0,0,6,136000,1916,1950,1
1746,3.0,1,1,1,0,2,3,1,0,1746,1,1,0,160.0,0,9,377500,2006,2007,1
869,1.5,0,0,0,1,1,2,0,1,1218,1,0,1,0.0,0,6,131000,1941,1950,0
1525,3.0,1,0,0,0,0,2,0,0,1525,1,0,0,244.0,0,7,235000,2000,2000,1
1584,2.0,0,0,0,1,0,3,0,1,1584,0,0,1,0.0,0,5,124000,1967,1967,1
900,2.0,0,0,0,1,1,1,0,0,900,0,0,1,0.0,0,5,123000,1967,1967,1
1221,2.0,0,0,0,1,1,2,0,1,1912,1,0,1,0.0,0,6,163000,1905,2000,1
1500,3.0,1,0,0,0,1,3,1,0,1500,1,0,0,45.0,0,7,246578,2006,2006,1
1133,2.5,0,0,0,0,1,3,1,0,2482,1,0,0,245.0,0,8,281213,2005,2006,1
1687,2.0,0,0,0,1,2,2,0,1,1687,0,0,1,0.0,0,5,160000,1948,1950,0
939,1.5,0,0,0,1,0,1,0,1,1513,1,0,1,0.0,0,5,137500,1920,2004,0
1136,2.5,0,0,0,1,0,1,0,1,1904,0,0,1,0.0,0,5,138000,1950,1982,0
1160,2.5,0,0,0,1,1,1,0,1,1608,1,0,0,0.0,0,6,137450,1925,1990,1
950,1.0,0,0,0,1,1,1,0,0,1158,0,0,1,0.0,0,6,120000,1929,1950,0
864,3.5,1,0,0,1,1,2,1,0,1593,1,0,1,0.0,0,6,193000,2004,2004,1
1294,2.0,0,0,0,0,1,2,0,0,1294,1,0,0,0.0,0,7,193879,2006,2006,1
1464,3.0,1,0,0,0,0,3,0,1,1464,1,0,0,84.0,0,8,282922,2007,2007,1
694,1.0,0,0,0,1,0,3,0,1,1214,0,0,1,0.0,0,3,105000,1915,1950,0
1646,3.5,1,1,0,0,1,2,1,0,1646,1,0,0,174.0,0,8,275000,2004,2005,1
768,2.0,1,0,0,1,0,2,0,1,768,0,0,1,0.0,0,5,133000,1972,2007,0
833,2.0,0,0,0,1,0,0,0,0,833,1,0,1,0.0,0,5,112000,1985,1985,0
741,1.0,0,0,0,1,0,2,0,1,1363,0,0,1,0.0,0,4,125500,1910,1950,0
1236,2.5,0,0,0,1,1,2,1,0,2093,0,0,1,123.0,0,7,215000,1986,1991,1
944,3.5,1,0,0,0,0,2,0,0,1840,1,0,0,0.0,0,7,230000,2001,2001,1
1112,1.5,0,0,0,1,0,1,0,1,1668,1,0,1,0.0,0,6,140000,1950,2005,0
1040,2.0,0,0,0,1,0,2,0,1,1040,0,0,1,0.0,0,4,90000,1949,1950,0
1844,3.0,1,0,0,0,1,2,1,0,1844,1,0,0,366.0,0,8,257000,2005,2006,1
1053,1.5,0,0,0,1,1,2,0,1,1848,0,0,0,0.0,0,6,207000,1923,2000,0
1569,2.5,0,0,0,0,1,3,0,0,1569,1,0,0,130.0,0,7,175900,2007,2007,1
1246,2.0,0,0,0,1,0,2,0,1,2290,0,0,1,0.0,0,4,122500,1885,1950,0
1310,3.5,1,0,0,0,1,3,1,0,2450,1,0,0,731.0,0,8,340000,1998,1998,1
1144,2.5,0,0,0,1,0,1,0,1,1144,0,0,1,0.0,0,5,124000,1963,1963,1
1844,3.0,0,0,0,0,1,2,0,0,1844,0,0,0,312.0,0,6,223000,1969,1969,1
708,2.5,0,0,0,1,1,2,0,0,1416,0,0,1,420.0,0,6,179900,1968,1968,1
1069,2.0,0,0,0,1,1,2,0,0,1069,0,0,1,0.0,0,6,127500,1977,1977,1
848,2.0,1,0,0,0,0,2,1,0,848,1,0,0,170.0,0,6,136500,2003,2003,0
1575,2.0,0,0,0,0,1,2,0,1,2201,0,0,0,0.0,0,6,274970,1966,1966,1
1344,2.0,0,0,0,1,1,1,0,1,1344,0,0,1,0.0,0,5,144000,1958,1983,1
1252,1.0,0,0,0,0,0,2,0,1,1252,1,0,0,243.0,0,6,142000,1959,1959,1
1223,3.5,1,0,0,0,2,2,0,0,2127,1,0,0,448.0,0,7,271000,1994,1994,1
1048,2.5,0,0,0,1,1,1,0,1,1558,0,0,1,0.0,0,5,140000,1945,1950,0
804,2.0,0,0,0,1,2,1,0,1,804,0,0,0,294.0,0,5,119000,1940,1992,0
1440,2.0,0,0,0,0,1,2,1,0,1440,1,0,0,310.0,0,6,182900,1981,1981,0
734,2.5,0,0,0,0,1,2,1,0,1838,1,0,1,0.0,0,5,192140,2005,2005,1
958,2.0,0,0,0,1,0,2,0,0,958,0,0,1,0.0,0,6,143750,1976,1976,1
968,2.0,0,0,0,1,0,1,0,1,968,0,0,1,0.0,0,4,64500,1927,2007,0
962,3.5,0,0,0,1,1,2,1,0,1792,1,0,1,318.0,0,6,186500,2000,2000,0
1126,3.0,0,0,0,1,1,2,0,0,1126,0,0,1,0.0,0,5,160000,1977,1977,1
1537,2.5,0,0,0,0,1,2,0,0,1537,0,0,0,237.0,0,6,174000,1962,2005,1
864,1.0,0,0,0,1,0,2,0,1,864,0,0,1,0.0,0,4,120500,1971,1971,0
1932,3.0,1,1,1,0,1,3,1,0,1932,1,1,0,426.0,1,8,394617,2008,2008,1
1236,2.0,1,0,0,1,0,2,0,1,1236,0,0,1,0.0,0,6,149700,1957,1996,1
1040,2.5,1,0,0,1,1,2,0,0,1725,0,0,1,96.0,0,7,197000,1979,1979,1
1423,2.0,0,1,0,1,1,2,1,0,2555,0,0,1,0.0,0,6,191000,1922,1994,0
848,2.0,1,0,0,0,1,2,0,0,848,1,0,0,147.0,0,6,149300,2004,2004,0
1026,3.5,1,1,1,0,1,3,1,0,2007,1,1,0,160.0,0,10,310000,2008,2008,1
952,1.0,0,0,0,1,1,1,0,1,952,0,0,0,0.0,0,6,121000,1916,1950,1
1422,2.0,0,0,0,0,0,2,0,0,1422,1,0,0,106.0,0,7,179600,2004,2004,1
913,2.0,0,0,0,1,0,1,0,1,913,0,0,1,0.0,0,6,129000,1966,1966,0
1188,1.0,0,0,0,1,0,1,0,1,1188,0,0,1,189.0,0,5,157900,1962,1962,1
1220,3.5,1,0,0,0,1,2,0,0,2090,1,0,0,438.0,0,8,240000,1995,1996,1
796,1.5,0,0,0,1,0,1,0,1,1346,0,0,1,0.0,0,4,112000,1910,2000,1
630,2.0,1,0,0,1,0,0,0,0,630,1,1,0,0.0,0,5,92000,1970,1970,0
896,3.0,0,0,0,1,0,0,0,0,1792,0,0,1,0.0,0,5,136000,1974,1974,1
1578,2.0,0,0,0,0,1,3,1,0,1578,1,1,0,194.0,0,8,287090,2008,2009,1
1072,2.0,1,0,0,1,0,2,1,0,1072,0,0,1,80.0,0,5,145000,2005,2005,1
1140,1.0,0,0,0,1,0,0,0,0,1140,1,0,1,0.0,0,5,84500,2006,2006,1
1221,3.0,1,0,0,0,0,2,0,0,1221,1,0,0,0.0,0,7,185000,2004,2005,1
953,2.5,0,0,0,1,1,2,0,0,1647,1,0,1,0.0,0,6,175000,1999,2000,1
2073,3.0,0,0,0,1,2,2,0,1,2073,0,0,1,119.0,0,6,210000,1978,1988,0
1188,2.0,1,0,1,0,2,1,0,0,2340,1,0,0,0.0,0,7,266500,1941,2006,1
1078,2.0,1,0,0,1,0,1,0,1,1078,0,0,0,0.0,0,5,142125,1950,1996,0
1256,2.5,0,0,0,0,0,1,1,0,1256,0,0,1,0.0,0,5,147500,1965,1965,1
